societe,secteur,type_comptes_resolu,annee,annee_cible,is_mad,chiffre_affaires,capitaux_propres,immobilisations_corporelles,is_cible_t_plus_1,variation_is_cible,scenario,decoupage_temporel
Brasseries du Maroc,Agroalimentaire,sociaux,2005,2006,108420659.0,1304332186.53,1641505932.82,496071110.45,110070423.0,1649764.0,Structurel sans variables fiscales contemporaines,apprentissage
Brasseries du Maroc,Agroalimentaire,sociaux,2006,2007,110070423.0,1344774123.7,1622533895.89,483051578.46,123870503.0,13800080.0,Structurel sans variables fiscales contemporaines,apprentissage
Les grandes marques et conserveries chérifiennes,Agroalimentaire,sociaux,2006,2007,3813752.0,12068664.8,178044340.4,90956302.34,6980213.0,3166461.0,Structurel sans variables fiscales contemporaines,apprentissage
Brasseries du Maroc,Agroalimentaire,sociaux,2007,2008,123870503.0,1597689333.38,1670655008.99,480575238.43,125589227.0,1718724.0,Structurel sans variables fiscales contemporaines,apprentissage
Les grandes marques et conserveries chérifiennes,Agroalimentaire,sociaux,2007,2008,6980213.0,12068664.8,201826412.37,139374792.85,6980213.0,0.0,Structurel sans variables fiscales contemporaines,apprentissage
Lesieur cristal,Agroalimentaire,consolides,2007,2008,51637542.0,3858400000.0,276300000.0,677200000.0,61416511.0,9778969.0,Structurel sans variables fiscales contemporaines,apprentissage
PROMOPHARM,Divers,sociaux,2007,2008,25241800.0,334204076.48,337820687.1,125610940.72,21982600.0,-3259200.0,Structurel sans variables fiscales contemporaines,apprentissage
Risma,Divers,consolides,2007,2008,608000.0,1114504000.0,100490000.0,2205638000.0,1849000.0,1241000.0,Structurel sans variables fiscales contemporaines,apprentissage
Samir,Pétrole et Gaz,consolides,2007,2008,172042772.5,31364098000.0,5889630000.0,8431617000.0,105250083.0,-66792689.5,Structurel sans variables fiscales contemporaines,apprentissage
Auto hall,Distributeurs,consolides,2008,2009,141105650.0,3341405324.86,1579169865.6,232057383.8,65323840.0,-75781810.0,Structurel sans variables fiscales contemporaines,apprentissage
Brasseries du Maroc,Agroalimentaire,sociaux,2008,2009,125589227.0,1678950329.31,1761200188.69,509255565.17,110470392.0,-15118835.0,Structurel sans variables fiscales contemporaines,apprentissage
PROMOPHARM,Divers,sociaux,2008,2009,21982600.0,352876915.31,370300820.37,127540946.93,22508000.0,525400.0,Structurel sans variables fiscales contemporaines,apprentissage
Risma,Divers,consolides,2008,2009,1849000.0,937721000.0,1030155000.0,2076172000.0,1732320.0,-116680.0,Structurel sans variables fiscales contemporaines,apprentissage
STOKVIS,Distributeurs,sociaux,2008,2009,13099809.0,1015924782.95,91951500.0,4717306.33,10987926.0,-2111883.0,Structurel sans variables fiscales contemporaines,apprentissage
Brasseries du Maroc,Agroalimentaire,sociaux,2009,2010,110470392.0,1710946833.76,1329486701.33,523343671.12,120541922.0,10071530.0,Structurel sans variables fiscales contemporaines,apprentissage
DELTA HOLDING S.A,Sociétés de portefeuille,sociaux,2009,2010,14232576.0,60733097.38,985472801.11,32133001.58,11234237.09,-2998338.91,Structurel sans variables fiscales contemporaines,apprentissage
PROMOPHARM,Divers,sociaux,2009,2010,22508000.0,357017375.02,391008944.96,131385041.27,23577208.0,1069208.0,Structurel sans variables fiscales contemporaines,apprentissage
STOKVIS,Distributeurs,sociaux,2009,2010,10987926.0,1015924782.95,271002836.27,11874381.77,4260069.0,-6727857.0,Structurel sans variables fiscales contemporaines,apprentissage
Samir,Pétrole et Gaz,consolides,2009,2010,68008592.0,26951183000.0,4056627000.0,14254607000.0,93420639.0,25412047.0,Structurel sans variables fiscales contemporaines,apprentissage
Brasseries du Maroc,Agroalimentaire,sociaux,2010,2011,120541922.0,1726993408.92,1314318403.96,509184803.91,132641917.0,12099995.0,Structurel sans variables fiscales contemporaines,apprentissage
Holcim,Bâtiment et matériaux de construction,consolides,2010,2011,265399322.89,5353697000.0,6216238000.0,6811292000.0,265500646.51,101323.62000000477,Structurel sans variables fiscales contemporaines,apprentissage
PROMOPHARM,Divers,sociaux,2010,2011,23577208.0,375967174.6,411361688.39,127217595.45,30062355.0,6485147.0,Structurel sans variables fiscales contemporaines,apprentissage
Samir,Pétrole et Gaz,consolides,2010,2011,93420639.0,37030147000.0,4783666000.0,14706202000.0,124882740.0,31462101.0,Structurel sans variables fiscales contemporaines,apprentissage
Brasseries du Maroc,Agroalimentaire,sociaux,2011,2012,132641917.0,1830527007.12,1376544719.31,492405150.56,125093914.0,-7548003.0,Structurel sans variables fiscales contemporaines,apprentissage
Holcim,Bâtiment et matériaux de construction,consolides,2011,2012,265500646.51,5567171000.0,5094585000.0,6570618000.0,189069587.08,-76431059.42999998,Structurel sans variables fiscales contemporaines,apprentissage
Microdata,"Matériels, logiciels et services informatiques",sociaux,2011,2012,10096519.0,299758220.97,42000000.0,1219443.19,7505288.0,-2591231.0,Structurel sans variables fiscales contemporaines,apprentissage
PROMOPHARM,Divers,sociaux,2011,2012,30062355.0,414644365.15,435195294.76,129915906.28,29050098.0,-1012257.0,Structurel sans variables fiscales contemporaines,apprentissage
SCE,Chimie,sociaux,2011,2012,9388749.0,1526336.59,262013589.71,218155747.86,8171752.0,-1216997.0,Structurel sans variables fiscales contemporaines,apprentissage
Auto hall,Distributeurs,consolides,2012,2013,51701910.0,3306662534.6,1651663310.27,640575167.4,61532790.0,9830880.0,Structurel sans variables fiscales contemporaines,apprentissage
Brasseries du Maroc,Agroalimentaire,sociaux,2012,2013,125093914.0,1752106555.63,1397803581.47,448227327.15,111692073.0,-13401841.0,Structurel sans variables fiscales contemporaines,apprentissage
Holcim,Bâtiment et matériaux de construction,consolides,2012,2013,189069587.08,5043275000.0,4855947000.0,6344585000.0,215326295.61,26256708.53,Structurel sans variables fiscales contemporaines,apprentissage
Microdata,"Matériels, logiciels et services informatiques",sociaux,2012,2013,7505288.0,299758220.97,66013575.52,2175677.96,12839006.0,5333718.0,Structurel sans variables fiscales contemporaines,apprentissage
PROMOPHARM,Divers,sociaux,2012,2013,29050098.0,449584011.4,456151439.79,124993366.68,24855644.0,-4194454.0,Structurel sans variables fiscales contemporaines,apprentissage
Brasseries du Maroc,Agroalimentaire,sociaux,2013,2014,111692073.0,1691170138.25,1373516642.3,491086369.12,119439525.0,7747452.0,Structurel sans variables fiscales contemporaines,apprentissage
Holcim,Bâtiment et matériaux de construction,consolides,2013,2014,215326295.61,5049806000.0,5100267000.0,6125432000.0,269645116.0,54318820.389999986,Structurel sans variables fiscales contemporaines,apprentissage
MarocTelecom,Télécommunications,sociaux,2013,2014,3412424000.0,20652253000.0,14029733000.0,54042695000.0,2094858000.0,-1317566000.0,Structurel sans variables fiscales contemporaines,apprentissage
Microdata,"Matériels, logiciels et services informatiques",sociaux,2013,2014,12839006.0,329065909.42,79470266.62,2385814.31,12260107.0,-578899.0,Structurel sans variables fiscales contemporaines,apprentissage
PROMOPHARM,Divers,sociaux,2013,2014,24855644.0,449183045.58,377153698.91,117537917.41,35689927.0,10834283.0,Structurel sans variables fiscales contemporaines,apprentissage
Brasseries du Maroc,Agroalimentaire,sociaux,2014,2015,119439525.0,1948053918.51,1949695580.45,745598466.19,131655398.0,12215873.0,Structurel sans variables fiscales contemporaines,apprentissage
Cosumar,Agroalimentaire,sociaux,2014,2015,146280273.0,5273601226.17,2715992834.23,2885315576.58,236657642.0,90377369.0,Structurel sans variables fiscales contemporaines,apprentissage
DELTA HOLDING S.A,Sociétés de portefeuille,sociaux,2014,2015,7962033.0,78052879.38,1255723545.64,23722569.19,5307309.0,-2654724.0,Structurel sans variables fiscales contemporaines,apprentissage
Holcim,Bâtiment et matériaux de construction,consolides,2014,2015,269645116.0,4934951000.0,4917744000.0,5919967000.0,230965991.96,-38679124.03999999,Structurel sans variables fiscales contemporaines,apprentissage
MarocTelecom,Télécommunications,sociaux,2014,2015,2094858000.0,20456679000.0,14780895000.0,56631268000.0,2040864000.0,-53994000.0,Structurel sans variables fiscales contemporaines,apprentissage
Microdata,"Matériels, logiciels et services informatiques",sociaux,2014,2015,12260107.0,316592908.01,86120527.74,11757351.08,9914954.0,-2345153.0,Structurel sans variables fiscales contemporaines,apprentissage
PROMOPHARM,Divers,sociaux,2014,2015,35689927.0,474836506.93,380373525.27,118837378.29,43653788.0,7963861.0,Structurel sans variables fiscales contemporaines,apprentissage
Brasseries du Maroc,Agroalimentaire,sociaux,2015,2016,131655398.0,2116037820.42,2064158372.64,675453402.13,151221440.0,19566042.0,Structurel sans variables fiscales contemporaines,apprentissage
Cosumar,Agroalimentaire,sociaux,2015,2016,236657642.0,5273601226.17,2774801364.74,4602198585.67,362526198.0,125868556.0,Structurel sans variables fiscales contemporaines,apprentissage
DELTA HOLDING S.A,Sociétés de portefeuille,sociaux,2015,2016,5307309.0,83081851.9,1234943197.49,23914932.5,9458091.0,4150782.0,Structurel sans variables fiscales contemporaines,apprentissage
MarocTelecom,Télécommunications,sociaux,2015,2016,2040864000.0,20242939000.0,14653526000.0,56631268000.0,2062373000.0,21509000.0,Structurel sans variables fiscales contemporaines,apprentissage
PROMOPHARM,Divers,sociaux,2015,2016,43653788.0,532838890.03,397480337.51,111343349.96,41947059.44,-1706728.5600000024,Structurel sans variables fiscales contemporaines,apprentissage
Brasseries du Maroc,Agroalimentaire,sociaux,2016,2017,151221440.0,2257097566.24,2098306301.71,633862632.05,171957893.0,20736453.0,Structurel sans variables fiscales contemporaines,apprentissage
Cosumar,Agroalimentaire,sociaux,2016,2017,362526198.0,6387473512.69,3266926935.89,5235918261.34,345574220.0,-16951978.0,Structurel sans variables fiscales contemporaines,apprentissage
DELTA HOLDING S.A,Sociétés de portefeuille,sociaux,2016,2017,9458091.0,82116209.56,1310959712.57,23803762.85,5404568.0,-4053523.0,Structurel sans variables fiscales contemporaines,apprentissage
PROMOPHARM,Divers,sociaux,2016,2017,41947059.44,529788922.38,315697985.57,98262628.59,31384474.0,-10562585.439999998,Structurel sans variables fiscales contemporaines,apprentissage
Brasseries du Maroc,Agroalimentaire,sociaux,2017,2018,171957893.0,2295989336.76,2169721049.29,597965540.47,164102093.0,-7855800.0,Structurel sans variables fiscales contemporaines,apprentissage
Cosumar,Agroalimentaire,sociaux,2017,2018,345574220.0,6261217618.65,3618741594.94,3645384111.46,294210931.0,-51363289.0,Structurel sans variables fiscales contemporaines,apprentissage
DELTA HOLDING S.A,Sociétés de portefeuille,sociaux,2017,2018,5404568.0,67233445.47,1329770504.23,22436479.2,6376302.0,971734.0,Structurel sans variables fiscales contemporaines,apprentissage
PROMOPHARM,Divers,sociaux,2017,2018,31384474.0,511203838.56,233498730.53,88040580.37,16291770.0,-15092704.0,Structurel sans variables fiscales contemporaines,apprentissage
Addoha,Immobilier,consolides,2018,2019,84079684.0,4062318164.0,11146854611.0,15111000.0,41986239.0,-42093445.0,Structurel sans variables fiscales contemporaines,apprentissage
Auto hall,Distributeurs,sociaux,2018,2019,48418632.0,4811636630.5,502945280.0,384188228.74,56312840.0,7894208.0,Structurel sans variables fiscales contemporaines,apprentissage
DELTA HOLDING S.A,Sociétés de portefeuille,sociaux,2018,2019,6376302.0,69913039.51,1383441064.26,21556020.22,11620600.0,5244298.0,Structurel sans variables fiscales contemporaines,apprentissage
Microdata,"Matériels, logiciels et services informatiques",sociaux,2018,2019,20944864.0,664738604.67,42000000.0,2634538.37,25535409.0,4590545.0,Structurel sans variables fiscales contemporaines,apprentissage
PROMOPHARM,Divers,sociaux,2018,2019,16291770.0,444532858.69,272244361.07,83306922.89,29470253.0,13178483.0,Structurel sans variables fiscales contemporaines,apprentissage
Auto hall,Distributeurs,sociaux,2019,2020,56312840.0,4424249242.77,502945280.0,828831167.03,58163046.0,1850206.0,Structurel sans variables fiscales contemporaines,apprentissage
Brasseries du Maroc,Agroalimentaire,sociaux,2019,2020,166846747.0,2508184430.51,2165417840.49,556259936.68,112318257.0,-54528490.0,Structurel sans variables fiscales contemporaines,apprentissage
Cosumar,Agroalimentaire,consolides,2019,2020,325611059.0,6676200000.0,4182000000.0,4512100000.0,266449348.0,-59161711.0,Structurel sans variables fiscales contemporaines,apprentissage
MarocTelecom,Télécommunications,sociaux,2019,2020,2388514000.0,19900000000.0,13224863000.0,71812207000.0,2296379000.0,-92135000.0,Structurel sans variables fiscales contemporaines,apprentissage
PROMOPHARM,Divers,sociaux,2019,2020,29470253.0,522450180.24,324358564.9,79544054.17,30190807.0,720554.0,Structurel sans variables fiscales contemporaines,apprentissage
Zellidja,Sociétés de portefeuilles holdings,consolides,2019,2020,19145.0,1012000.0,67324000000.0,32992000000.0,10789.0,-8356.0,Structurel sans variables fiscales contemporaines,apprentissage
Brasseries du Maroc,Agroalimentaire,sociaux,2020,2021,112318257.0,2216340317.46,2001370477.5,490065841.0,143187529.0,30869272.0,Structurel sans variables fiscales contemporaines,apprentissage
Cosumar,Agroalimentaire,consolides,2020,2021,266449348.0,6979600000.0,4186900000.0,4547500000.0,308964703.0,42515355.0,Structurel sans variables fiscales contemporaines,apprentissage
PROMOPHARM,Divers,sociaux,2020,2021,30190807.0,573195995.7,384619455.28,85276133.62,33724820.0,3534013.0,Structurel sans variables fiscales contemporaines,apprentissage
SNEP,Chimie,sociaux,2020,2021,46627086.0,351500000.0,759990611.93,1334966281.03,67747018.0,21119932.0,Structurel sans variables fiscales contemporaines,apprentissage
Brasseries du Maroc,Agroalimentaire,sociaux,2021,2022,143187529.0,2518186586.83,2023994062.72,486841790.4,187647583.0,44460054.0,Structurel sans variables fiscales contemporaines,validation
PROMOPHARM,Divers,sociaux,2021,2022,33724820.0,630491043.46,423589590.55,100696426.75,38972320.0,5247500.0,Structurel sans variables fiscales contemporaines,validation
SODEP-Marsa Maroc,Divers,consolides,2021,2022,226745249.0,3591981000.0,2301505000.0,3386320000.0,279988262.0,53243013.0,Structurel sans variables fiscales contemporaines,validation
Zellidja,Sociétés de portefeuilles holdings,sociaux,2021,2022,10251.0,24022.0,47752300.73,439223.14,10096.0,-155.0,Structurel sans variables fiscales contemporaines,validation
Brasseries du Maroc,Agroalimentaire,sociaux,2022,2023,187647583.0,2718405138.76,2113985081.43,461337826.89,227101402.0,39453819.0,Structurel sans variables fiscales contemporaines,validation
Ciments du Maroc,Bâtiment et matériaux de construction,consolides,2022,2023,363846700.0,1320000000.0,3321526000.0,1711072000.0,391628469.0,27781769.0,Structurel sans variables fiscales contemporaines,validation
Cosumar,Agroalimentaire,sociaux,2022,2023,349950242.0,9293598547.4,4216647389.13,1836204732.82,508273674.0,158323432.0,Structurel sans variables fiscales contemporaines,validation
DISTY RFA,"Matériels, logiciels et services informatiques",sociaux,2022,2023,3197250.0,202000000.0,162429915.14,3485429.27,2928870.0,-268380.0,Structurel sans variables fiscales contemporaines,validation
Lydec,Divers,sociaux,2022,2023,80334203.0,7380908784.86,1779636817.98,54186092.91,127308324.82,46974121.81999999,Structurel sans variables fiscales contemporaines,validation
M2M,"Matériels, logiciels et services informatiques",consolides,2022,2023,215923.0,40045260.0,171983000.0,5085894.0,1832000.0,1616077.0,Structurel sans variables fiscales contemporaines,validation
Microdata,"Matériels, logiciels et services informatiques",sociaux,2022,2023,20069301.0,694841840.09,167193647.01,15156203.53,20098067.0,28766.0,Structurel sans variables fiscales contemporaines,validation
PROMOPHARM,Divers,sociaux,2022,2023,38972320.0,746771033.32,458867835.35,212683177.88,30896094.0,-8076226.0,Structurel sans variables fiscales contemporaines,validation
Unimer,Agroalimentaire,sociaux,2022,2023,12400973.0,897687894.27,1564261823.89,173047613.41,6190569.0,-6210404.0,Structurel sans variables fiscales contemporaines,validation
Brasseries du Maroc,Agroalimentaire,sociaux,2023,2024,227101402.0,2725417168.86,2344199991.14,523491324.77,136784750.0,-90316652.0,Structurel sans variables fiscales contemporaines,test
Cosumar,Agroalimentaire,sociaux,2023,2024,508273674.0,9462216869.73,4692124211.34,1707978657.49,487874939.0,-20398735.0,Structurel sans variables fiscales contemporaines,test
DISTY RFA,"Matériels, logiciels et services informatiques",sociaux,2023,2024,2928870.0,56000000.0,171233239.0,3666440.15,2929158.0,288.0,Structurel sans variables fiscales contemporaines,test
Lydec,Divers,sociaux,2023,2024,127308324.82,7598475749.67,1818023268.91,57708422.14,121000000.0,-6308324.819999993,Structurel sans variables fiscales contemporaines,test
M2M,"Matériels, logiciels et services informatiques",consolides,2023,2024,1832000.0,49002809.0,54091258.0,4265952.0,1388172.0,-443828.0,Structurel sans variables fiscales contemporaines,test
Microdata,"Matériels, logiciels et services informatiques",sociaux,2023,2024,20098067.0,751169851.53,182396455.66,14511031.48,24141088.0,4043021.0,Structurel sans variables fiscales contemporaines,test
PROMOPHARM,Divers,sociaux,2023,2024,30896094.0,805516174.89,475765782.17,310727981.02,33883641.0,2987547.0,Structurel sans variables fiscales contemporaines,test
Risma,Divers,sociaux,2023,2024,2310526.23,889035566.53,2151334485.08,1827128670.64,2509443.0,198916.77000000002,Structurel sans variables fiscales contemporaines,test
Unimer,Agroalimentaire,sociaux,2023,2024,6190569.0,904614741.3,1566971375.83,156988098.21,2685482.0,-3505087.0,Structurel sans variables fiscales contemporaines,test
Zellidja,Sociétés de portefeuilles holdings,consolides,2023,2024,1791000.0,603030000.0,100680000.0,61452000.0,5410000.0,3619000.0,Structurel sans variables fiscales contemporaines,test
AFMA,Assurances et courtage,sociaux,2024,2025,22022000.0,239503000.0,78989000.0,20159000.0,18592000.0,-3430000.0,Structurel sans variables fiscales contemporaines,test
AKDITAL,Santé,sociaux,2024,2025,3517549.0,119755123.0,2298712215.0,16339879.0,5677576.0,2160027.0,Structurel sans variables fiscales contemporaines,test
ARADEI Capital,Sociétés de placement immobilier,sociaux,2024,2025,5772362.0,199977503.15,2681443537.26,681019027.54,13486621.63,7714259.630000001,Structurel sans variables fiscales contemporaines,test
Atlanta,Sociétés d'assurances,sociaux,2024,2025,54913464.0,29600000.0,4029546016.08,116051432.93,40561252.0,-14352212.0,Structurel sans variables fiscales contemporaines,test
BCP,Banques,sociaux,2024,2025,1727506000.0,10018334000.0,33378191000.0,2686750000.0,2167546000.0,440040000.0,Structurel sans variables fiscales contemporaines,test
Brasseries du Maroc,Agroalimentaire,sociaux,2024,2025,136784750.0,2622969828.83,2124583565.55,535070199.34,187996812.0,51212062.0,Structurel sans variables fiscales contemporaines,test
CASH PLUS S.A,Services de paiement,sociaux,2024,2025,178171000.0,562081000.0,473402000.0,61770000.0,212103010.0,33932010.0,Structurel sans variables fiscales contemporaines,test
CMGP GROUP,Agriculture,sociaux,2024,2025,314457.0,20347094.23,2229269508.68,0.0,373469.0,59012.0,Structurel sans variables fiscales contemporaines,test
Cosumar,Agroalimentaire,sociaux,2024,2025,487874939.0,9643112303.24,4684807359.45,1666110264.86,375170429.0,-112704510.0,Structurel sans variables fiscales contemporaines,test
DELTA HOLDING S.A,Sociétés de portefeuilles holdings,sociaux,2024,2025,9491501.0,64222892.42,1781003527.76,16508148.97,16604015.0,7112514.0,Structurel sans variables fiscales contemporaines,test
DISTY RFA,"Matériels, logiciels et services informatiques",sociaux,2024,2025,2929158.0,547834555.13,175625645.78,2163010.08,3737785.0,808627.0,Structurel sans variables fiscales contemporaines,test
DISWAY,Distributeurs,sociaux,2024,2025,20159189.0,1601013160.52,625444434.25,185485513.76,20159189.0,0.0,Structurel sans variables fiscales contemporaines,test
ENNAKL,Distributeurs,sociaux,2024,2025,54433844.05558334,1902825044.033333,625448736.3744,200827535.2182,77889700.83150001,23455856.775916666,Structurel sans variables fiscales contemporaines,test
Involys,"Matériels, logiciels et services informatiques",sociaux,2024,2025,99982.89,37516821.87,90252994.6,661793.6,157108.0,57125.11,Structurel sans variables fiscales contemporaines,test
Managem,Mines,sociaux,2024,2025,35418275.0,467157384.92,6360493281.12,64022487.37,4321925.0,-31096350.0,Structurel sans variables fiscales contemporaines,test
Microdata,"Matériels, logiciels et services informatiques",sociaux,2024,2025,24141088.0,900445777.78,193090661.08,14079604.56,21923922.0,-2217166.0,Structurel sans variables fiscales contemporaines,test
PROMOPHARM,Divers,sociaux,2024,2025,33883641.0,898713862.91,530925751.86,378002235.79,38461011.0,4577370.0,Structurel sans variables fiscales contemporaines,test
SGTM S.A,Bâtiment et matériaux de construction,sociaux,2024,2025,374322000.0,10452484000.0,2648774000.0,204772000.0,655609313.03,281287313.03,Structurel sans variables fiscales contemporaines,test
STROC INDUSTRIE,Ingénieries et biens d'équipement industriels,sociaux,2024,2025,351615.0,117669378.45,-341368455.65,250074848.83,893044.0,541429.0,Structurel sans variables fiscales contemporaines,test
Sonasid,Mines,sociaux,2024,2025,73731175.0,5374880003.12,1430165800.95,700342052.84,156597905.35,82866730.35,Structurel sans variables fiscales contemporaines,test
TAQA MOROCCO,Electricité,sociaux,2024,2025,244285642.0,6068100870.29,6478163115.43,313459881.72,232518075.0,-11767567.0,Structurel sans variables fiscales contemporaines,test
TGCC S.A,Bâtiment et matériaux de construction,sociaux,2024,2025,162568916.0,6608281599.17,1449888650.47,170466009.52,451699378.0,289130462.0,Structurel sans variables fiscales contemporaines,test
TOTAL MAROC,Distributeurs,sociaux,2024,2025,466189051.0,18348026022.08,2595923623.32,2214812884.4,444872652.0,-21316399.0,Structurel sans variables fiscales contemporaines,test
Unimer,Agroalimentaire,sociaux,2024,2025,2685482.0,806449256.64,1532049342.84,147870937.92,1828143.0,-857339.0,Structurel sans variables fiscales contemporaines,test
Vicenne,Santé,sociaux,2024,2025,168371.0,24957175.17,238848114.82,1765484.56,365832.0,197461.0,Structurel sans variables fiscales contemporaines,test
Zellidja,Sociétés de portefeuilles holdings,consolides,2024,2025,5410000.0,6793000.0,56572000.0,32992000.0,6170000.0,760000.0,Structurel sans variables fiscales contemporaines,test
