societe,secteur,secteur_normalise,type_comptes_resolu,statut_perimetre_is,qualite_perimetre,annee_information,is_2025_mad,resultat_avant_impot,resultat_net,chiffre_affaires,total_actif,capitaux_propres,est_banque,version_source,annee_prevue,prediction_naive_2026_mad,variation_is_predite_mad,prediction_modele_2026_mad,groupe_intervalle,marge_empirique_90_mad,borne_basse_90_mad,borne_haute_90_mad,statut_prevision
Attijari wafa bank,Banques,banques,sociaux,vérifié_par_impôt_du_pdf,haute,2025,3889647000.0,11538939000.0,22226671000.0,,527424302000.0,56357157000.0,True,V16,2026,3889647000.0,197886893.202172,4087533893.202172,Banques,666815632.3737519,3420718260.8284197,4754349525.575924,Prévision exploratoire; à actualiser avec les comptes 2026
MarocTelecom,Télécommunications,telecommunications,sociaux,vérifié_par_impôt_du_pdf,haute,2025,2400505000.0,,,,,21247673000.0,False,V16,2026,2400505000.0,3698125.32878538,2404203125.3287854,Non-banques,52126746.45929065,2352076378.869495,2456329871.788076,Prévision exploratoire; à actualiser avec les comptes 2026
BCP,Banques,banques,sociaux,vérifié_par_impôt_du_pdf,haute,2025,2167546000.0,5450452000.0,3282906000.0,11076351000.0,372904872000.0,34486059000.0,True,V16,2026,2167546000.0,138875190.8660928,2306421190.8660927,Banques,666815632.3737519,1639605558.4923408,2973236823.2398443,Prévision exploratoire; à actualiser avec les comptes 2026
BMCE BANK,Banques,banques,sociaux,vérifié_par_impôt_du_pdf,haute,2025,1110694000.0,3281456000.0,1886195000.0,,297580604000.0,36436887000.0,True,V16,2026,1110694000.0,154314886.71814048,1265008886.7181406,Banques,666815632.3737519,598193254.3443887,1931824519.0918925,Prévision exploratoire; à actualiser avec les comptes 2026
Holcim,Bâtiment et matériaux de construction,batiment et materiaux de construction,consolides,vérifié_par_impôt_du_pdf,haute,2025,1155515000.0,3398533000.0,1826000000.0,8155000000.0,19994546000.0,12156299000.0,False,V16,2026,1155515000.0,2068196.7676223854,1157583196.7676225,Non-banques,52126746.45929065,1105456450.3083317,1209709943.2269132,Prévision exploratoire; à actualiser avec les comptes 2026
Crédit du Maroc,Banques,banques,consolides,vérifié_par_impôt_du_pdf,haute,2025,680270000.0,1350173000.0,886859000.0,,11954746000.0,2410234000.0,True,V16,2026,680270000.0,4885315.120827905,685155315.1208279,Banques,666815632.3737519,18339682.747076035,1351970947.4945798,Prévision exploratoire; à actualiser avec les comptes 2026
SGTM S.A,Bâtiment,batiment,sociaux,vérifié_par_impôt_du_pdf,haute,2025,655609313.03,1830926577.75,1175317264.72,,,,False,V16,2026,655609313.03,2993621.235256875,658602934.2652569,Non-banques,52126746.45929065,606476187.8059663,710729680.7245475,Prévision exploratoire; à actualiser avec les comptes 2026
CIH,Banques,banques,sociaux,vérifié_par_impôt_du_pdf,haute,2025,604583000.0,1523279000.0,,,,8833740000.0,True,V16,2026,604583000.0,3698125.32878538,608281125.3287854,Banques,666815632.3737519,0.0,1275096757.7025373,Prévision exploratoire; à actualiser avec les comptes 2026
SODEP-Marsa Maroc,Divers,divers,sociaux,vérifié_par_impôt_du_pdf,haute,2025,589221993.0,,,,,2793112625.99,False,V16,2026,589221993.0,2993621.235256875,592215614.2352569,Non-banques,52126746.45929065,540088867.7759663,644342360.6945475,Prévision exploratoire; à actualiser avec les comptes 2026
Ciments du Maroc,Bâtiment et matériaux de construction,batiment et materiaux de construction,sociaux,vérifié_par_impôt_du_pdf,haute,2025,551058585.0,,899492066.58,,,,False,V16,2026,551058585.0,2993621.235256875,554052206.2352569,Non-banques,52126746.45929065,501925459.7759663,606178952.6945475,Prévision exploratoire; à actualiser avec les comptes 2026
BMCI,Banques,banques,consolides,provisoire_un_seul_type_disponible,provisoire,2025,340045000.0,17065000000.0,479427000.0,,78576845000.0,7583624000.0,True,V16,2026,340045000.0,143450942.6363189,483495942.6363189,Banques,666815632.3737519,0.0,1150311575.0100708,Prévision exploratoire; à actualiser avec les comptes 2026
TGCC S.A,Bâtiment,batiment,sociaux,vérifié_par_impôt_du_pdf,haute,2025,451699378.0,1169326837.91,717627459.91,,,,False,V16,2026,451699378.0,2993621.235256875,454692999.23525685,Non-banques,52126746.45929065,402566252.77596617,506819745.69454753,Prévision exploratoire; à actualiser avec les comptes 2026
TOTAL MAROC,Distributeurs,distributeurs,sociaux,vérifié_par_impôt_du_pdf,haute,2025,444872652.0,1247440185.86,802567533.86,17261259311.02,7254948012.95,1785691157.18,False,V16,2026,444872652.0,2993621.235256875,447866273.23525685,Non-banques,52126746.45929065,395739526.77596617,499993019.69454753,Prévision exploratoire; à actualiser avec les comptes 2026
Cosumar,Agroalimentaire,agroalimentaire,sociaux,vérifié_par_impôt_du_pdf,haute,2025,375170429.0,,945000000.0,,,5026604796.72,False,V16,2026,375170429.0,2993621.235256875,378164050.23525685,Non-banques,52126746.45929065,326037303.77596617,430290796.69454753,Prévision exploratoire; à actualiser avec les comptes 2026
Afriquia Gaz,Pétrole et Gaz,petrole et gaz,sociaux,vérifié_par_impôt_du_pdf,haute,2025,336655512.0,,3080000.0,35389000.0,,,False,V16,2026,336655512.0,2993621.235256875,339649133.23525685,Non-banques,52126746.45929065,287522386.77596617,391775879.69454753,Prévision exploratoire; à actualiser avec les comptes 2026
Brasseries du Maroc,Agroalimentaire,agroalimentaire,consolides,provisoire_un_seul_type_disponible,provisoire,2025,283277320.0,,,3080000000.0,,1540900000.0,False,V16,2026,283277320.0,2993621.235256875,286270941.23525685,Non-banques,52126746.45929065,234144194.7759662,338397687.69454753,Prévision exploratoire; à actualiser avec les comptes 2026
LABEL VIE,Distributeurs,distributeurs,sociaux,vérifié_par_impôt_du_pdf,haute,2025,237829644.28,209376928.85,153409025.73,,,1163197038.34,False,V16,2026,237829644.28,2993621.235256875,240823265.51525688,Non-banques,52126746.45929065,188696519.05596623,292950011.9745475,Prévision exploratoire; à actualiser avec les comptes 2026
TAQA MOROCCO,Electricité,electricite,sociaux,vérifié_par_impôt_du_pdf,haute,2025,232518075.0,1183967232.07,951449157.07,,,,False,V16,2026,232518075.0,2993621.235256875,235511696.23525688,Non-banques,52126746.45929065,183384949.77596623,287638442.69454753,Prévision exploratoire; à actualiser avec les comptes 2026
Wafa Assurance,Sociétés d'assurances,societes d assurances,consolides,provisoire_un_seul_type_disponible,provisoire,2025,220737000.0,,9064653000.0,,,2314561000.0,False,V16,2026,220737000.0,6473729.070080241,227210729.07008025,Non-banques,52126746.45929065,175083982.6107896,279337475.5293709,Prévision exploratoire; à actualiser avec les comptes 2026
CASH PLUS S.A,Services de paiement,services de paiement,sociaux,vérifié_par_impôt_du_pdf,haute,2025,212103010.0,463558430.0,251455420.0,693098450.0,,,False,V16,2026,212103010.0,1363692.6740938814,213466702.67409387,Non-banques,52126746.45929065,161339956.21480322,265593449.13338453,Prévision exploratoire; à actualiser avec les comptes 2026
Sothema,Divers,divers,sociaux,vérifié_par_impôt_du_pdf,haute,2025,200615762.0,,53347790.26,,,2232402013.24,False,V16,2026,200615762.0,2993621.235256875,203609383.23525688,Non-banques,52126746.45929065,151482636.77596623,255736129.69454753,Prévision exploratoire; à actualiser avec les comptes 2026
SMI,Mines,mines,sociaux,provisoire_un_seul_type_disponible,provisoire,2025,191056147.0,588164741.01,397100000.0,1558159716.75,,1660200000.0,False,V16,2026,191056147.0,-337260.3441529835,190718886.655847,Non-banques,52126746.45929065,138592140.19655636,242845633.11513767,Prévision exploratoire; à actualiser avec les comptes 2026
Auto Nejma,Distributeurs,distributeurs,sociaux,vérifié_par_impôt_du_pdf,haute,2025,186412198.0,486000000.0,,,,1434000000.0,False,V16,2026,186412198.0,2993621.235256875,189405819.23525688,Non-banques,52126746.45929065,137279072.77596623,241532565.69454753,Prévision exploratoire; à actualiser avec les comptes 2026
CNIA SAADA,Sociétés d'assurances,societes d assurances,sociaux,vérifié_par_impôt_du_pdf,haute,2025,153096560.3,,418452000000.0,,,,False,V16,2026,153096560.3,11801815.610213615,164898375.91021362,Non-banques,52126746.45929065,112771629.45092297,217025122.36950427,Prévision exploratoire; à actualiser avec les comptes 2026
Sonasid,Industrie métallurgique,industrie metallurgique,sociaux,vérifié_par_impôt_du_pdf,haute,2025,156597905.35,417099109.66,260501204.31,6224203545.87,4408281533.1,1538567005.26,False,V16,2026,156597905.35,2993621.235256875,159591526.58525687,Non-banques,52126746.45929065,107464780.12596622,211718273.04454753,Prévision exploratoire; à actualiser avec les comptes 2026
MINIERE TOUISSIT,Mines,mines,sociaux,vérifié_par_impôt_du_pdf,haute,2025,121638308.0,324150717.35,-2.0,,,898404885.1,False,V16,2026,121638308.0,1292668.2170100107,122930976.21701,Non-banques,52126746.45929065,70804229.75771935,175057722.67630064,Prévision exploratoire; à actualiser avec les comptes 2026
Maghrebail,Sociétés de financement,societes de financement,sociaux,provisoire_un_seul_type_disponible,provisoire,2025,113642000.0,,202000000.0,,,1228220000.0,False,V16,2026,113642000.0,2993621.235256875,116635621.23525688,Non-banques,52126746.45929065,64508874.77596623,168762367.69454753,Prévision exploratoire; à actualiser avec les comptes 2026
Sofac-Crédit,Sociétés de financement,societes de financement,sociaux,vérifié_par_impôt_du_pdf,haute,2025,102968000.0,,160350000.0,,,,False,V16,2026,102968000.0,2993621.235256875,105961621.23525688,Non-banques,52126746.45929065,53834874.77596623,158088367.69454753,Prévision exploratoire; à actualiser avec les comptes 2026
Risma,Divers,divers,sociaux,vérifié_par_impôt_du_pdf,haute,2025,5921669.26,,16.29,,3553360000000.0,2181916204.92,False,V16,2026,5921669.26,99389781.84551878,105311451.10551879,Non-banques,52126746.45929065,53184704.646228135,157438197.56480944,Prévision exploratoire; à actualiser avec les comptes 2026
Oulmès,Agroalimentaire,agroalimentaire,sociaux,vérifié_par_impôt_du_pdf,haute,2025,72913473.0,214040905.0,-2.0,3195794324.0,3919500000.0,18179512.0,False,V16,2026,72913473.0,31861701.313731324,104775174.31373133,Non-banques,52126746.45929065,52648427.854440674,156901920.773022,Prévision exploratoire; à actualiser avec les comptes 2026
JALU (JET CONTRACTORS),Bâtiment et matériaux de construction,batiment et materiaux de construction,sociaux,vérifié_par_impôt_du_pdf,haute,2025,98994137.95,238956471.42,139962333.47,,5646901866.67,,False,V16,2026,98994137.95,2993621.235256875,101987759.18525688,Non-banques,52126746.45929065,49861012.72596623,154114505.64454752,Prévision exploratoire; à actualiser avec les comptes 2026
SALAFIN,Sociétés de financement,societes de financement,sociaux,vérifié_par_impôt_du_pdf,haute,2025,95326000.0,,93147000.0,,,,False,V16,2026,95326000.0,2993621.235256875,98319621.23525688,Non-banques,52126746.45929065,46192874.77596623,150446367.69454753,Prévision exploratoire; à actualiser avec les comptes 2026
Maroc Leasing,Sociétés de financement,societes de financement,sociaux,vérifié_par_impôt_du_pdf,haute,2025,84986000.0,192281000.0,107295000.0,,,,False,V16,2026,84986000.0,2993621.235256875,87979621.23525688,Non-banques,52126746.45929065,35852874.77596623,140106367.69454753,Prévision exploratoire; à actualiser avec les comptes 2026
ENNAKL,Distributeurs,distributeurs,sociaux,vérifié_par_impôt_du_pdf,haute,2025,77889700.83150001,239316963.2721,161427262.4406,1924648186.2039,1377653623.0221,698803046.3548,False,V16,2026,77889700.83150001,2993621.235256875,80883322.06675689,Non-banques,52126746.45929065,28756575.607466236,133010068.52604754,Prévision exploratoire; à actualiser avec les comptes 2026
Lesieur cristal,Agroalimentaire,agroalimentaire,consolides,provisoire_un_seul_type_disponible,provisoire,2025,74601350.0,,-50000000.0,4740000000.0,5302000000.0,1538000000.0,False,V16,2026,74601350.0,2993621.235256875,77594971.23525688,Non-banques,52126746.45929065,25468224.775966227,129721717.69454753,Prévision exploratoire; à actualiser avec les comptes 2026
ALLIANCES,Immobilier,immobilier,consolides,vérifié_par_impôt_du_pdf,haute,2025,69486000.0,,,1604000.0,,3746000.0,False,V16,2026,69486000.0,2993621.235256875,72479621.23525688,Non-banques,52126746.45929065,20352874.775966227,124606367.69454753,Prévision exploratoire; à actualiser avec les comptes 2026
Auto hall,Distributeurs,distributeurs,sociaux,vérifié_par_impôt_du_pdf,haute,2025,64635088.0,1659905010.86,,,,502945280.0,False,V16,2026,64635088.0,2993621.235256875,67628709.23525688,Non-banques,52126746.45929065,15501962.775966227,119755455.69454753,Prévision exploratoire; à actualiser avec les comptes 2026
CFG,Banques,banques,sociaux,vérifié_par_impôt_du_pdf,haute,2025,55522000.0,,35000000.0,,,,True,V16,2026,55522000.0,2993621.235256875,58515621.23525687,Banques,666815632.3737519,0.0,725331253.6090088,Prévision exploratoire; à actualiser avec les comptes 2026
Eqdom,Sociétés de financement,societes de financement,sociaux,provisoire_un_seul_type_disponible,provisoire,2025,55641000.0,151000000.0,,,,,False,V16,2026,55641000.0,1292668.2170100107,56933668.217010014,Non-banques,52126746.45929065,4806921.75771936,109060414.67630067,Prévision exploratoire; à actualiser avec les comptes 2026
MUTANDIS SCA,Agroalimentaire,agroalimentaire,consolides,vérifié_par_impôt_du_pdf,haute,2025,53249000.0,22666000.0,,2116550000.0,3702790000.0,1343000000.0,False,V16,2026,53249000.0,2993621.235256875,56242621.23525687,Non-banques,52126746.45929065,4115874.7759662196,108369367.69454753,Prévision exploratoire; à actualiser avec les comptes 2026
Atlanta,Sociétés d'assurances,societes d assurances,sociaux,provisoire_un_seul_type_disponible,provisoire,2025,40561252.0,,,24100000.0,,,False,V16,2026,40561252.0,2993621.235256875,43554873.23525687,Non-banques,52126746.45929065,0.0,95681619.69454753,Prévision exploratoire; à actualiser avec les comptes 2026
PROMOPHARM,Divers,divers,sociaux,vérifié_par_impôt_du_pdf,haute,2025,38461011.0,98375645.13,59914634.13,979733874.82,1219927998.22,590840385.99,False,V16,2026,38461011.0,2993621.235256875,41454632.23525687,Non-banques,52126746.45929065,0.0,93581378.69454753,Prévision exploratoire; à actualiser avec les comptes 2026
STROC INDUSTRIE,Ingénieries et biens d'équipement industriels,ingenieries et biens d equipement industriels,sociaux,vérifié_par_impôt_du_pdf,haute,2025,893044.0,1369063.82,476019.82,173880539.7,387072949.74,-340892435.83,False,V16,2026,893044.0,31861701.313731324,32754745.313731324,Non-banques,52126746.45929065,0.0,84881491.77302198,Prévision exploratoire; à actualiser avec les comptes 2026
Rebab Company,Mines,mines,sociaux,provisoire_un_seul_type_disponible,provisoire,2025,3000.0,1031000.0,-2600000.0,,40330000000.0,25864154.36,False,V16,2026,3000.0,31861701.313731324,31864701.313731324,Non-banques,52126746.45929065,0.0,83991447.77302198,Prévision exploratoire; à actualiser avec les comptes 2026
Aluminium du Maroc,Bâtiment et matériaux de construction,batiment et materiaux de construction,consolides,provisoire_un_seul_type_disponible,provisoire,2025,25251911.0,,71539.0,,,46595400.0,False,V16,2026,25251911.0,2993621.235256875,28245532.235256873,Non-banques,52126746.45929065,0.0,80372278.69454753,Prévision exploratoire; à actualiser avec les comptes 2026
HPS,"Matériels, logiciels et services informatiques",materiels logiciels et services informatiques,consolides,vérifié_par_impôt_du_pdf,haute,2025,24802036.0,,31754680.0,5483000.0,,,False,V16,2026,24802036.0,1363692.6740938814,26165728.67409388,Non-banques,52126746.45929065,0.0,78292475.13338453,Prévision exploratoire; à actualiser avec les comptes 2026
Microdata,"Matériels, logiciels et services informatiques",materiels logiciels et services informatiques,sociaux,vérifié_par_impôt_du_pdf,haute,2025,21923922.0,91471712.96,69547790.96,979416352.36,,,False,V16,2026,21923922.0,2993621.235256875,24917543.235256873,Non-banques,52126746.45929065,0.0,77044289.69454753,Prévision exploratoire; à actualiser avec les comptes 2026
AGMA,Sociétés d'assurances,societes d assurances,sociaux,provisoire_un_seul_type_disponible,provisoire,2025,22700000.0,94100000.0,68900000.0,172200000.0,,142600000.0,False,V16,2026,22700000.0,1363692.6740938814,24063692.67409388,Non-banques,52126746.45929065,0.0,76190439.13338453,Prévision exploratoire; à actualiser avec les comptes 2026
Colorado,Chimie,chimie,sociaux,vérifié_par_impôt_du_pdf,haute,2025,20373949.0,,,,,,False,V16,2026,20373949.0,2993621.235256875,23367570.235256873,Non-banques,52126746.45929065,0.0,75494316.69454753,Prévision exploratoire; à actualiser avec les comptes 2026
DISWAY,Distributeurs,distributeurs,sociaux,vérifié_par_impôt_du_pdf,haute,2025,20159189.0,87348236.79,67189047.79,1585037428.91,1170994480.62,,False,V16,2026,20159189.0,2993621.235256875,23152810.235256873,Non-banques,52126746.45929065,0.0,75279556.69454753,Prévision exploratoire; à actualiser avec les comptes 2026
Dari couspate,Agroalimentaire,agroalimentaire,sociaux,vérifié_par_impôt_du_pdf,haute,2025,20084584.0,76593839.67,56509255.67,814205707.4,689819897.57,374351492.96,False,V16,2026,20084584.0,2993621.235256875,23078205.235256873,Non-banques,52126746.45929065,0.0,75204951.69454753,Prévision exploratoire; à actualiser avec les comptes 2026
CTM,Divers,divers,sociaux,vérifié_par_rcai_moins_resultat_net,haute,2025,21553492.0,91725000.0,70172000.0,556100000.0,1370741000.0,,False,V16,2026,21553492.0,1363692.6740938814,22917184.67409388,Non-banques,52126746.45929065,0.0,75043931.13338453,Prévision exploratoire; à actualiser avec les comptes 2026
AFMA,Assurances et courtage,assurances et courtage,sociaux,vérifié_par_impôt_du_pdf,haute,2025,18592000.0,83022000.0,64430000.0,,,,False,V16,2026,18592000.0,2993621.235256875,21585621.235256873,Non-banques,52126746.45929065,0.0,73712367.69454753,Prévision exploratoire; à actualiser avec les comptes 2026
DELTA HOLDING S.A,Sociétés de portefeuilles holdings,societes de portefeuilles holdings,sociaux,vérifié_par_impôt_du_pdf,haute,2025,16604015.0,,176151674.63,,,1736251853.13,False,V16,2026,16604015.0,2993621.235256875,19597636.235256873,Non-banques,52126746.45929065,0.0,71724382.69454753,Prévision exploratoire; à actualiser avec les comptes 2026
ARADEI Capital,Sociétés immobilières,societes immobilieres,sociaux,vérifié_par_impôt_du_pdf,haute,2025,13486621.63,89076420.2,75589798.57,,,,False,V16,2026,13486621.63,2993621.235256875,16480242.865256876,Non-banques,52126746.45929065,0.0,68606989.32454753,Prévision exploratoire; à actualiser avec les comptes 2026
S2M,Télécommunications et nouvelles technologies,telecommunications et nouvelles technologies,sociaux,vérifié_par_impôt_du_pdf,haute,2025,9402207.74,43543851.94,34141644.2,366496287.39,297032298.41,134023110.29,False,V16,2026,9402207.74,2993621.235256875,12395828.975256875,Non-banques,52126746.45929065,0.0,64522575.43454753,Prévision exploratoire; à actualiser avec les comptes 2026
Zellidja,Sociétés de portefeuilles holdings,societes de portefeuilles holdings,consolides,provisoire_un_seul_type_disponible,provisoire,2025,6170000.0,33990000.0,23775000.0,,,,False,V16,2026,6170000.0,2993621.235256875,9163621.235256875,Non-banques,52126746.45929065,0.0,61290367.69454753,Prévision exploratoire; à actualiser avec les comptes 2026
Fenie Brossette,Distributeurs,distributeurs,sociaux,vérifié_par_impôt_du_pdf,haute,2025,6155337.0,,-2.0,756514194.28,,176897395.75,False,V16,2026,6155337.0,2993621.235256875,9148958.235256875,Non-banques,52126746.45929065,0.0,61275704.69454753,Prévision exploratoire; à actualiser avec les comptes 2026
AKDITAL,Santé,sante,sociaux,vérifié_par_impôt_du_pdf,haute,2025,5677576.0,370702249.0,365024673.0,,,,False,V16,2026,5677576.0,2993621.235256875,8671197.235256875,Non-banques,52126746.45929065,0.0,60797943.69454753,Prévision exploratoire; à actualiser avec les comptes 2026
Managem,Mines,mines,sociaux,vérifié_par_impôt_du_pdf,haute,2025,4321925.0,,,,,,False,V16,2026,4321925.0,2993621.235256875,7315546.235256875,Non-banques,52126746.45929065,0.0,59442292.69454753,Prévision exploratoire; à actualiser avec les comptes 2026
DISTY RFA,"Matériels, logiciels et services informatiques",materiels logiciels et services informatiques,sociaux,vérifié_par_rcai_moins_resultat_net,haute,2025,3737785.0,29615892.91,25878107.91,,,,False,V16,2026,3737785.0,2993621.235256875,6731406.235256875,Non-banques,52126746.45929065,0.0,58858152.69454753,Prévision exploratoire; à actualiser avec les comptes 2026
SRM,Distributeurs,distributeurs,sociaux,vérifié_par_impôt_du_pdf,haute,2025,3666731.0,15732947.42,12066216.42,393652383.84,411765840.29,177784941.01,False,V16,2026,3666731.0,2993621.235256875,6660352.235256875,Non-banques,52126746.45929065,0.0,58787098.69454753,Prévision exploratoire; à actualiser avec les comptes 2026
Balima,Sociétés de placement immobilier,societes de placement immobilier,consolides,vérifié_par_impôt_du_pdf,haute,2025,4267813.0,15123586.6,10855773.6,50984600.14,,,False,V16,2026,4267813.0,1363692.6740938814,5631505.674093882,Non-banques,52126746.45929065,0.0,57758252.13338453,Prévision exploratoire; à actualiser avec les comptes 2026
SNEP,Chimie,chimie,sociaux,vérifié_par_impôt_du_pdf,haute,2025,1890698.0,-188780000.0,-74627000.0,,,737217903.04,False,V16,2026,1890698.0,2993621.235256875,4884319.235256875,Non-banques,52126746.45929065,0.0,57011065.69454753,Prévision exploratoire; à actualiser avec les comptes 2026
Unimer,Agroalimentaire,agroalimentaire,sociaux,vérifié_par_impôt_du_pdf,haute,2025,1828143.0,,,60000000.0,,,False,V16,2026,1828143.0,2993621.235256875,4821764.235256875,Non-banques,52126746.45929065,0.0,56948510.69454753,Prévision exploratoire; à actualiser avec les comptes 2026
Maghreb Oxygène,Chimie,chimie,sociaux,vérifié_par_impôt_du_pdf,haute,2025,1418379.0,9911380.13,13776.0,,,261022100.75,False,V16,2026,1418379.0,2993621.235256875,4412000.235256875,Non-banques,52126746.45929065,0.0,56538746.69454753,Prévision exploratoire; à actualiser avec les comptes 2026
Addoha,Immobilier,immobilier,sociaux,vérifié_par_impôt_du_pdf,haute,2025,1165851.0,,-2.0,,,,False,V16,2026,1165851.0,2993621.235256875,4159472.235256875,Non-banques,52126746.45929065,0.0,56286218.69454753,Prévision exploratoire; à actualiser avec les comptes 2026
M2M,"Matériels, logiciels et services informatiques",materiels logiciels et services informatiques,consolides,provisoire_un_seul_type_disponible,provisoire,2025,2407214.0,,6545127.0,43410959.0,,,False,V16,2026,2407214.0,1363692.6740938814,3770906.6740938816,Non-banques,52126746.45929065,0.0,55897653.13338453,Prévision exploratoire; à actualiser avec les comptes 2026
Cartier Saada,Agroalimentaire,agroalimentaire,sociaux,vérifié_par_impôt_du_pdf,haute,2025,754620.0,6491136.56,5736516.56,296694031.26,,,False,V16,2026,754620.0,2993621.235256875,3748241.235256875,Non-banques,52126746.45929065,0.0,55874987.69454753,Prévision exploratoire; à actualiser avec les comptes 2026
AFRIC INDUSTRIES SA,Industrie,industrie,sociaux,vérifié_par_impôt_du_pdf,haute,2025,2378000.0,9908000.0,7530000.0,43952000.0,,,False,V16,2026,2378000.0,1363692.6740938814,3741692.6740938816,Non-banques,52126746.45929065,0.0,55868439.13338453,Prévision exploratoire; à actualiser avec les comptes 2026
Papelera de Tetuan,Divers,divers,sociaux,provisoire_un_seul_type_disponible,provisoire,2025,276584.0,6920000.0,,110000000.0,,,False,V16,2026,276584.0,2993621.235256875,3270205.235256875,Non-banques,52126746.45929065,0.0,55396951.69454753,Prévision exploratoire; à actualiser avec les comptes 2026
Involys,Télécommunications et nouvelles technologies,telecommunications et nouvelles technologies,sociaux,vérifié_par_impôt_du_pdf,haute,2025,157108.0,273286.88,116178.88,37387849.45,119873844.98,90369128.48,False,V16,2026,157108.0,2993621.235256875,3150729.235256875,Non-banques,52126746.45929065,0.0,55277475.69454753,Prévision exploratoire; à actualiser avec les comptes 2026
IMMORENTE INVEST,Sociétés de placement immobilier,societes de placement immobilier,sociaux,vérifié_par_impôt_du_pdf,haute,2025,125403.0,,-2400346.84,,,637527007.41,False,V16,2026,125403.0,2993621.235256875,3119024.235256875,Non-banques,52126746.45929065,0.0,55245770.69454753,Prévision exploratoire; à actualiser avec les comptes 2026
STOKVIS,Distributeurs,distributeurs,sociaux,vérifié_par_impôt_du_pdf,haute,2025,37321.0,,-2.0,,,67623151.9,False,V16,2026,37321.0,2993621.235256875,3030942.235256875,Non-banques,52126746.45929065,0.0,55157688.69454753,Prévision exploratoire; à actualiser avec les comptes 2026
CMGP GROUP,Industrie,industrie,sociaux,vérifié_par_impôt_du_pdf,haute,2025,373469.0,124211405.73,123837936.73,26787027.66,,,False,V16,2026,373469.0,1363692.6740938814,1737161.6740938814,Non-banques,52126746.45929065,0.0,53863908.13338453,Prévision exploratoire; à actualiser avec les comptes 2026
Vicenne,Santé,sante,sociaux,vérifié_par_impôt_du_pdf,haute,2025,365832.0,98385952.95,98020120.95,33328615.7,,,False,V16,2026,365832.0,1363692.6740938814,1729524.6740938814,Non-banques,52126746.45929065,0.0,53856271.13338453,Prévision exploratoire; à actualiser avec les comptes 2026
RES DAR SAADA,Immobilier,immobilier,consolides,vérifié_par_impôt_du_pdf,haute,2025,353000.0,18530.0,,,,,False,V16,2026,353000.0,1292668.2170100107,1645668.2170100107,Non-banques,52126746.45929065,0.0,53772414.67630067,Prévision exploratoire; à actualiser avec les comptes 2026
