societe,annee,type_rapport,url_fiche,page_liste
LABEL VIE S.A.,2025,Rapports annuels,https://www.ammc.ma/fr/espace-emetteurs/etats-financiers/labelvie-rfa-2025,1
MANAGEM,2025,Rapports annuels,https://www.ammc.ma/fr/espace-emetteurs/etats-financiers/managem-rfa-2025,2
ATTIJARIWAFA BANK,2025,Rapports annuels,https://www.ammc.ma/fr/espace-emetteurs/etats-financiers/attijariwafa-bank-rfa-2025,2
Banque Centrale Populaire (BCP),2025,Rapports annuels,https://www.ammc.ma/fr/espace-emetteurs/etats-financiers/bcp-rfa-2025,3
COSUMAR,2025,Rapports annuels,https://www.ammc.ma/fr/espace-emetteurs/etats-financiers/cosumar-rfa-2025,4
CIMENTS DU MAROC,2025,Rapports annuels,https://www.ammc.ma/fr/espace-emetteurs/etats-financiers/ciments-du-maroc-rfa-2025,5
MAROC TELECOM,2025,Rapports annuels,https://www.ammc.ma/fr/espace-emetteurs/etats-financiers/maroc-telecom-rfa-2025,5
ATTIJARIWAFA BANK,2025,Rapports 1er semestre,https://www.ammc.ma/fr/espace-emetteurs/etats-financiers/attijariwafa-bank-rfs-juin-2025,6
LABEL VIE S.A.,2025,Rapports 1er semestre,https://www.ammc.ma/fr/espace-emetteurs/etats-financiers/labelvie-rfs-juin-2025,8
MANAGEM,2025,Rapports 1er semestre,https://www.ammc.ma/fr/espace-emetteurs/etats-financiers/managem-rfs-juin-2025,9
COSUMAR,2025,Rapports 1er semestre,https://www.ammc.ma/fr/espace-emetteurs/etats-financiers/cosumar-rfs-juin-2025,10
CIMENTS DU MAROC,2025,Rapports 1er semestre,https://www.ammc.ma/fr/espace-emetteurs/etats-financiers/ciments-du-maroc-rfs-juin-2025,10
Banque Centrale Populaire (BCP),2025,Rapports 1er semestre,https://www.ammc.ma/fr/espace-emetteurs/etats-financiers/bcp-rfs-juin-2025,11
MAROC TELECOM,2025,Rapports 1er semestre,https://www.ammc.ma/fr/espace-emetteurs/etats-financiers/maroc-telecom-rfs-juin-2025,11
LABEL VIE S.A.,2024,Rapports annuels,https://www.ammc.ma/fr/espace-emetteurs/etats-financiers/labelvie-rfa-2024,12
MANAGEM,2024,Rapports annuels,https://www.ammc.ma/fr/espace-emetteurs/etats-financiers/managem-rfa-2024,13
COSUMAR,2024,Rapports annuels,https://www.ammc.ma/fr/espace-emetteurs/etats-financiers/cosumar-rfa-2024,15
Banque Centrale Populaire (BCP),2024,Rapports annuels,https://www.ammc.ma/fr/espace-emetteurs/etats-financiers/bcp-rfa-2024,16
CIMENTS DU MAROC,2024,Rapports annuels,https://www.ammc.ma/fr/espace-emetteurs/etats-financiers/ciments-du-maroc-rfa-2024,16
ATTIJARIWAFA BANK,2024,Rapports annuels,https://www.ammc.ma/fr/espace-emetteurs/etats-financiers/attijariwafa-bank-rfa-2024,17
MAROC TELECOM,2024,Rapports annuels,https://www.ammc.ma/fr/espace-emetteurs/etats-financiers/maroc-telecom-rfa-2024,17
CIMENTS DU MAROC,2024,Rapports 1er semestre,https://www.ammc.ma/fr/espace-emetteurs/etats-financiers/ciments-du-maroc-rfs-juin-2024,19
Banque Centrale Populaire (BCP),2024,Rapports 1er semestre,https://www.ammc.ma/fr/espace-emetteurs/etats-financiers/bcp-rfs-juin-2024,19
MANAGEM,2024,Rapports 1er semestre,https://www.ammc.ma/fr/espace-emetteurs/etats-financiers/managem-rfs-juin-2024,21
COSUMAR,2024,Rapports 1er semestre,https://www.ammc.ma/fr/espace-emetteurs/etats-financiers/cosumar-rfs-juin-2024,21
LABEL VIE S.A.,2024,Rapports 1er semestre,https://www.ammc.ma/fr/espace-emetteurs/etats-financiers/labelvie-rfs-juin-2024,22
ATTIJARIWAFA BANK,2024,Rapports 1er semestre,https://www.ammc.ma/fr/espace-emetteurs/etats-financiers/attijariwafa-bank-rfs-juin-2024,23
MAROC TELECOM,2024,Rapports 1er semestre,https://www.ammc.ma/fr/espace-emetteurs/etats-financiers/maroc-telecom-rfs-juin-2024,23
LABEL VIE S.A.,2023,Rapports annuels,https://www.ammc.ma/fr/espace-emetteurs/etats-financiers/labelvie-rfa-2023,25
Banque Centrale Populaire (BCP),2023,Rapports annuels,https://www.ammc.ma/fr/espace-emetteurs/etats-financiers/bcp-rfa-2023,26
ATTIJARIWAFA BANK,2023,Rapports annuels,https://www.ammc.ma/fr/espace-emetteurs/etats-financiers/attijariwafa-bank-rfa-2023,26
MANAGEM,2023,Rapports annuels,https://www.ammc.ma/fr/espace-emetteurs/etats-financiers/managem-rfa-2023,27
COSUMAR,2023,Rapports annuels,https://www.ammc.ma/fr/espace-emetteurs/etats-financiers/cosumar-rfa-2023,28
CIMENTS DU MAROC,2023,Rapports annuels,https://www.ammc.ma/fr/espace-emetteurs/etats-financiers/ciments-du-maroc-rfa-2023,29
MAROC TELECOM,2023,Rapports annuels,https://www.ammc.ma/fr/espace-emetteurs/etats-financiers/maroc-telecom-rfa-2023,29
Banque Centrale Populaire (BCP),2023,Rapports 1er semestre,https://www.ammc.ma/fr/espace-emetteurs/etats-financiers/bcp-rfs-juin-2023,30
ATTIJARIWAFA BANK,2023,Rapports 1er semestre,https://www.ammc.ma/fr/espace-emetteurs/etats-financiers/attijariwafa-bank-rfs-juin-2023,32
CIMENTS DU MAROC,2023,Rapports 1er semestre,https://www.ammc.ma/fr/espace-emetteurs/etats-financiers/ciments-du-maroc-rfs-juin-2023,33
MANAGEM,2023,Rapports 1er semestre,https://www.ammc.ma/fr/espace-emetteurs/etats-financiers/managem-rfs-juin-2023,33
COSUMAR,2023,Rapports 1er semestre,https://www.ammc.ma/fr/espace-emetteurs/etats-financiers/cosumar-rfs-juin-2023,34
LABEL VIE S.A.,2023,Rapports 1er semestre,https://www.ammc.ma/fr/espace-emetteurs/etats-financiers/labelvie-rfs-juin-2023,35
MAROC TELECOM,2023,Rapports 1er semestre,https://www.ammc.ma/fr/espace-emetteurs/etats-financiers/maroc-telecom-rfs-juin-2023,36
MANAGEM,2022,Rapports annuels,https://www.ammc.ma/fr/espace-emetteurs/etats-financiers/managem-rfa-2022,37
LABEL VIE S.A.,2022,Rapports annuels,https://www.ammc.ma/fr/espace-emetteurs/etats-financiers/labelvie-rfa-2022,37
COSUMAR,2022,Rapports annuels,https://www.ammc.ma/fr/espace-emetteurs/etats-financiers/cosumar-rfa-2022,38
CIMENTS DU MAROC,2022,Rapports annuels,https://www.ammc.ma/fr/espace-emetteurs/etats-financiers/ciments-du-maroc-rfa-2022,38
Banque Centrale Populaire (BCP),2022,Rapports annuels,https://www.ammc.ma/fr/espace-emetteurs/etats-financiers/bcp-rfa-2022,38
ATTIJARIWAFA BANK,2022,Rapports annuels,https://www.ammc.ma/fr/espace-emetteurs/etats-financiers/attijariwafa-bank-rfa-2022,41
MAROC TELECOM,2022,Rapports annuels,https://www.ammc.ma/fr/espace-emetteurs/etats-financiers/maroc-telecom-rfa-2022,42
COSUMAR,2022,Rapports 1er semestre,https://www.ammc.ma/fr/espace-emetteurs/etats-financiers/cosumar-rfs-juin-2022,45
CIMENTS DU MAROC,2022,Rapports 1er semestre,https://www.ammc.ma/fr/espace-emetteurs/etats-financiers/ciments-du-maroc-rfs-juin-2022,46
MANAGEM,2022,Rapports 1er semestre,https://www.ammc.ma/fr/espace-emetteurs/etats-financiers/managem-rfs-juin-2022,46
ATTIJARIWAFA BANK,2022,Rapports 1er semestre,https://www.ammc.ma/fr/espace-emetteurs/etats-financiers/attijariwafa-bank-rfs-juin-2022,47
Banque Centrale Populaire (BCP),2022,Rapports 1er semestre,https://www.ammc.ma/fr/espace-emetteurs/etats-financiers/bcp-rfs-juin-2022,47
MAROC TELECOM,2022,Rapports 1er semestre,https://www.ammc.ma/fr/espace-emetteurs/etats-financiers/maroc-telecom-rfs-juin-2022,48
MANAGEM,2021,Rapports annuels,https://www.ammc.ma/fr/espace-emetteurs/etats-financiers/managem-rfa-2021,51
COSUMAR,2021,Rapports annuels,https://www.ammc.ma/fr/espace-emetteurs/etats-financiers/cosumar-rfa-2021,51
Banque Centrale Populaire (BCP),2021,Rapports annuels,https://www.ammc.ma/fr/espace-emetteurs/etats-financiers/bcp-rfa-2021,51
ATTIJARIWAFA BANK,2021,Rapports annuels,https://www.ammc.ma/fr/espace-emetteurs/etats-financiers/attijariwafa-bank-rfa-2021,52
LABEL VIE S.A.,2021,Rapports annuels,https://www.ammc.ma/fr/espace-emetteurs/etats-financiers/label-vie-rfa-2021,52
CIMENTS DU MAROC,2021,Rapports annuels,https://www.ammc.ma/fr/espace-emetteurs/etats-financiers/ciments-du-maroc-rfa-2021,52
MAROC TELECOM,2021,Rapports annuels,https://www.ammc.ma/fr/espace-emetteurs/etats-financiers/maroc-telecom-rfa-2021,54
LABEL VIE S.A.,2021,Rapports 1er semestre,https://www.ammc.ma/fr/espace-emetteurs/etats-financiers/labelvie-rapport-financier-semestriel-2021,56
MANAGEM,2021,Rapports 1er semestre,https://www.ammc.ma/fr/espace-emetteurs/etats-financiers/managem-rfs-juin-2021,56
COSUMAR,2021,Rapports 1er semestre,https://www.ammc.ma/fr/espace-emetteurs/etats-financiers/cosumar-rapport-financier-semestriel-2021,57
ATTIJARIWAFA BANK,2021,Rapports 1er semestre,https://www.ammc.ma/fr/espace-emetteurs/etats-financiers/attijariwafa-bank-rfs-juin-2021,57
Banque Centrale Populaire (BCP),2021,Rapports 1er semestre,https://www.ammc.ma/fr/espace-emetteurs/etats-financiers/bcp-rfs-juin-2021,58
CIMENTS DU MAROC,2021,Rapports 1er semestre,https://www.ammc.ma/fr/espace-emetteurs/etats-financiers/ciments-du-maroc-rfs-juin-2021,58
MAROC TELECOM,2021,Rapports 1er semestre,https://www.ammc.ma/fr/espace-emetteurs/etats-financiers/maroc-telecom-rfs-2021,60
CIMENTS DU MAROC,2020,Rapports annuels,https://www.ammc.ma/fr/espace-emetteurs/etats-financiers/cimar-rfa-2020,60
LABEL VIE S.A.,2020,Rapports annuels,https://www.ammc.ma/fr/espace-emetteurs/etats-financiers/label-vie-sa-rfa-2020,61
MANAGEM,2020,Rapports annuels,https://www.ammc.ma/fr/espace-emetteurs/etats-financiers/managem-rfa-2020,62
ATTIJARIWAFA BANK,2020,Rapports annuels,https://www.ammc.ma/fr/espace-emetteurs/etats-financiers/attijariwafa-bank-rfa-2020,63
Banque Centrale Populaire (BCP),2020,Rapports annuels,https://www.ammc.ma/fr/espace-emetteurs/etats-financiers/bcp-rfa-2020,63
COSUMAR,2020,Rapports annuels,https://www.ammc.ma/fr/espace-emetteurs/etats-financiers/cosumar-rfa-2020,65
MAROC TELECOM,2020,Rapports annuels,https://www.ammc.ma/fr/espace-emetteurs/etats-financiers/maroc-telecom-rfa-2020,65
MAROC TELECOM,2020,Rapports consolidés 1er semestre,https://www.ammc.ma/fr/espace-emetteurs/etats-financiers/maroc-telecom-rfs-2020-0,67
MAROC TELECOM,2020,Rapports sociaux 1er semestre,https://www.ammc.ma/fr/espace-emetteurs/etats-financiers/maroc-telecom-rfs-2020,67
ATTIJARIWAFA BANK,2020,Rapports 1er semestre,https://www.ammc.ma/fr/espace-emetteurs/etats-financiers/attijariwa-bank-rfs-juin-2020-0,70
ATTIJARIWAFA BANK,2020,Rapports 1er semestre,https://www.ammc.ma/fr/espace-emetteurs/etats-financiers/attijariwa-bank-rfs-juin-2020,70
LABEL VIE S.A.,2020,Rapports sociaux 1er semestre,https://www.ammc.ma/fr/espace-emetteurs/etats-financiers/lablevie-rfs-juin-2020,70
MANAGEM,2020,Rapports sociaux 1er semestre,https://www.ammc.ma/fr/espace-emetteurs/etats-financiers/managem-rfs-juin-2020,71
COSUMAR,2020,Rapports 1er semestre,https://www.ammc.ma/fr/espace-emetteurs/etats-financiers/cosumar-rfs-juin-2020,71
CIMENTS DU MAROC,2020,Rapports 1er semestre,https://www.ammc.ma/fr/espace-emetteurs/etats-financiers/ciments-du-maroc-rfs-juin-2020,72
Banque Centrale Populaire (BCP),2020,Rapports consolidés 1er semestre,https://www.ammc.ma/fr/espace-emetteurs/etats-financiers/bcp-rfs-juin-2020-0,73
Banque Centrale Populaire (BCP),2020,Rapports 1er semestre,https://www.ammc.ma/fr/espace-emetteurs/etats-financiers/bcp-rfs-juin-2020,73
Banque Centrale Populaire (BCP),2019,Rapports sociaux 1er semestre,https://www.ammc.ma/fr/espace-emetteurs/etats-financiers/bcp-rfs-2019,74
COSUMAR,2019,Rapports consolidés annuels,https://www.ammc.ma/fr/espace-emetteurs/etats-financiers/cosumar-rfa-2019-0,74
COSUMAR,2019,Rapports sociaux annuels,https://www.ammc.ma/fr/espace-emetteurs/etats-financiers/cosumar-rfa-2019,75
Banque Centrale Populaire (BCP),2019,Rapports consolidés annuels,https://www.ammc.ma/fr/espace-emetteurs/etats-financiers/bcp-rfa-2019-0,75
Banque Centrale Populaire (BCP),2019,Rapports sociaux annuels,https://www.ammc.ma/fr/espace-emetteurs/etats-financiers/bcp-rfa-2019,76
LABEL VIE S.A.,2019,Rapports sociaux annuels,https://www.ammc.ma/fr/espace-emetteurs/etats-financiers/labelvie-rfa-2019,77
Banque Centrale Populaire (BCP),2019,Rapports consolidés 1er semestre,https://www.ammc.ma/fr/espace-emetteurs/etats-financiers/bcp-rfs-2019-0,77
MAROC TELECOM,2019,Rapports consolidés annuels,https://www.ammc.ma/fr/espace-emetteurs/etats-financiers/maroc-telecom-rfa-2019-0,78
MAROC TELECOM,2019,Rapports sociaux annuels,https://www.ammc.ma/fr/espace-emetteurs/etats-financiers/maroc-telecom-rfa-2019,78
ATTIJARIWAFA BANK,2019,Rapports annuels,https://www.ammc.ma/fr/espace-emetteurs/etats-financiers/attijariwafa-bank-rfa-2019,79
ATTIJARIWAFA BANK,2019,Rapports sociaux annuels,https://www.ammc.ma/fr/espace-emetteurs/etats-financiers/attijariwafa-bank-rfa-2019-0,79
CIMENTS DU MAROC,2019,Rapports sociaux annuels,https://www.ammc.ma/fr/espace-emetteurs/etats-financiers/ciments-du-maroc-rfa-2019-1,80
CIMENTS DU MAROC,2019,Rapports consolidés annuels,https://www.ammc.ma/fr/espace-emetteurs/etats-financiers/ciments-du-maroc-rfa-2019-0,80
MANAGEM,2019,Rapports sociaux annuels,https://www.ammc.ma/fr/espace-emetteurs/etats-financiers/managem-rfa-2019,81
MANAGEM,2019,Rapports consolidés annuels,https://www.ammc.ma/fr/espace-emetteurs/etats-financiers/managem-45,83
CIMENTS DU MAROC,2019,Rapports sociaux annuels,https://www.ammc.ma/fr/espace-emetteurs/etats-financiers/ciments-du-maroc-31,84
MAROC TELECOM,2019,Rapports consolidés 1er semestre,https://www.ammc.ma/fr/espace-emetteurs/etats-financiers/maroc-telecom-28,84
ATTIJARIWAFA BANK,2019,Rapports consolidés annuels,https://www.ammc.ma/fr/espace-emetteurs/etats-financiers/attijariwafa-bank-29,85
MAROC TELECOM,2019,Rapports sociaux 1er semestre,https://www.ammc.ma/fr/espace-emetteurs/etats-financiers/maroc-telecom-27,85
ATTIJARIWAFA BANK,2019,Rapports sociaux annuels,https://www.ammc.ma/fr/espace-emetteurs/etats-financiers/attijariwafa-bank-28,85
ATTIJARIWAFA BANK,2019,Rapports sociaux annuels,https://www.ammc.ma/fr/espace-emetteurs/etats-financiers/attijariwafa-bank-28,86
LABEL VIE S.A.,2019,Rapports consolidés annuels,https://www.ammc.ma/fr/espace-emetteurs/etats-financiers/labelvie-38,87
MANAGEM,2019,Rapports sociaux 1er semestre,https://www.ammc.ma/fr/espace-emetteurs/etats-financiers/managem-43,89
COSUMAR,2019,Rapports consolidés 1er semestre,https://www.ammc.ma/fr/espace-emetteurs/etats-financiers/cosumar-38,89
COSUMAR,2019,Rapports sociaux 1er semestre,https://www.ammc.ma/fr/espace-emetteurs/etats-financiers/cosumar-37,89
MANAGEM,2019,Rapports consolidés 1er semestre,https://www.ammc.ma/fr/espace-emetteurs/etats-financiers/managem-44,90
ATTIJARIWAFA BANK,2019,Rapports sociaux 1er semestre,https://www.ammc.ma/fr/espace-emetteurs/etats-financiers/attijariwafa-bank-24,92
Banque Centrale Populaire (BCP),2019,Rapports sociaux 1er semestre,https://www.ammc.ma/fr/espace-emetteurs/etats-financiers/bcp-32,92
Banque Centrale Populaire (BCP),2019,Rapports sociaux 1er semestre,https://www.ammc.ma/fr/espace-emetteurs/etats-financiers/bcp-32,93
LABEL VIE S.A.,2019,Rapports consolidés 1er semestre,https://www.ammc.ma/fr/espace-emetteurs/etats-financiers/labelvie-37,93
CIMENTS DU MAROC,2019,Rapports consolidés 1er semestre,https://www.ammc.ma/fr/espace-emetteurs/etats-financiers/ciments-du-maroc-30,93
Banque Centrale Populaire (BCP),2019,Rapports sociaux 1er semestre,https://www.ammc.ma/fr/espace-emetteurs/etats-financiers/bcp-32,94
LABEL VIE S.A.,2019,Rapports consolidés 1er semestre,https://www.ammc.ma/fr/espace-emetteurs/etats-financiers/labelvie-37,94
CIMENTS DU MAROC,2019,Rapports consolidés 1er semestre,https://www.ammc.ma/fr/espace-emetteurs/etats-financiers/ciments-du-maroc-30,94
CIMENTS DU MAROC,2019,Rapports sociaux 1er semestre,https://www.ammc.ma/fr/espace-emetteurs/etats-financiers/ciments-du-maroc-29,95
LABEL VIE S.A.,2018,Rapports consolidés annuels,https://www.ammc.ma/fr/espace-emetteurs/etats-financiers/labelvie-33,99
COSUMAR,2018,Rapports sociaux annuels,https://www.ammc.ma/fr/espace-emetteurs/etats-financiers/cosumar-35,99
LABEL VIE S.A.,2018,Rapports consolidés annuels,https://www.ammc.ma/fr/espace-emetteurs/etats-financiers/labelvie-33,100
COSUMAR,2018,Rapports sociaux annuels,https://www.ammc.ma/fr/espace-emetteurs/etats-financiers/cosumar-35,100
MANAGEM,2018,Rapports sociaux 2eme semestre,https://www.ammc.ma/fr/espace-emetteurs/etats-financiers/managem-40,104
CIMENTS DU MAROC,2018,Rapports consolidés annuels,https://www.ammc.ma/fr/espace-emetteurs/etats-financiers/ciments-du-maroc-28,104
MANAGEM,2018,Rapports consolidés annuels,https://www.ammc.ma/fr/espace-emetteurs/etats-financiers/managem-42,104
MANAGEM,2018,Rapports consolidés annuels,https://www.ammc.ma/fr/espace-emetteurs/etats-financiers/managem-42,106
COSUMAR,2018,Rapports sociaux 2eme semestre,https://www.ammc.ma/fr/espace-emetteurs/etats-financiers/cosumar-33,108
CIMENTS DU MAROC,2018,Rapports sociaux 2eme semestre,https://www.ammc.ma/fr/espace-emetteurs/etats-financiers/ciments-du-maroc-23,108
ATTIJARIWAFA BANK,2018,Rapports consolidés annuels,https://www.ammc.ma/fr/espace-emetteurs/etats-financiers/attijariwafa-bank-23,109
MAROC TELECOM,2018,Rapports sociaux annuels,https://www.ammc.ma/fr/espace-emetteurs/etats-financiers/maroc-telecom-25,109
ATTIJARIWAFA BANK,2018,Rapports consolidés annuels,https://www.ammc.ma/fr/espace-emetteurs/etats-financiers/attijariwafa-bank-23,110
MAROC TELECOM,2018,Rapports sociaux annuels,https://www.ammc.ma/fr/espace-emetteurs/etats-financiers/maroc-telecom-25,110
LABEL VIE S.A.,2018,Rapports consolidés 2eme semestre,https://www.ammc.ma/fr/espace-emetteurs/etats-financiers/labelvie-31,110
ATTIJARIWAFA BANK,2018,Rapports sociaux annuels,https://www.ammc.ma/fr/espace-emetteurs/etats-financiers/attijariwafa-bank-22,110
LABEL VIE S.A.,2018,Rapports sociaux 2eme semestre,https://www.ammc.ma/fr/espace-emetteurs/etats-financiers/labelvie-30,110
Banque Centrale Populaire (BCP),2018,Rapports consolidés annuels,https://www.ammc.ma/fr/espace-emetteurs/etats-financiers/bcp-31,111
Banque Centrale Populaire (BCP),2018,Rapports sociaux annuels,https://www.ammc.ma/fr/espace-emetteurs/etats-financiers/bcp-30,112
MAROC TELECOM,2018,Rapports consolidés annuels,https://www.ammc.ma/fr/espace-emetteurs/etats-financiers/maroc-telecom-26,112
MANAGEM,2018,Rapports sociaux annuels,https://www.ammc.ma/fr/espace-emetteurs/etats-financiers/managem-39,112
MANAGEM,2018,Rapports consolidés 1er semestre,https://www.ammc.ma/fr/espace-emetteurs/etats-financiers/managem-37,115
COSUMAR,2018,Rapports consolidés 1er semestre,https://www.ammc.ma/fr/espace-emetteurs/etats-financiers/cosumar-31,115
ATTIJARIWAFA BANK,2018,Rapports consolidés 1er semestre,https://www.ammc.ma/fr/espace-emetteurs/etats-financiers/attijariwafa-bank-26,115
COSUMAR,2018,Rapports consolidés 1er semestre,https://www.ammc.ma/fr/espace-emetteurs/etats-financiers/cosumar-31,117
ATTIJARIWAFA BANK,2018,Rapports consolidés 1er semestre,https://www.ammc.ma/fr/espace-emetteurs/etats-financiers/attijariwafa-bank-26,117
MANAGEM,2018,Rapports consolidés 1er semestre,https://www.ammc.ma/fr/espace-emetteurs/etats-financiers/managem-37,117
Banque Centrale Populaire (BCP),2018,Rapports sociaux 1er semestre,https://www.ammc.ma/fr/espace-emetteurs/etats-financiers/bcp-35,118
LABEL VIE S.A.,2018,Rapports sociaux 1er semestre,https://www.ammc.ma/fr/espace-emetteurs/etats-financiers/labelvie-35,119
LABEL VIE S.A.,2018,Rapports sociaux 1er semestre,https://www.ammc.ma/fr/espace-emetteurs/etats-financiers/labelvie-35,120
ATTIJARIWAFA BANK,2018,Rapports sociaux 1er semestre,https://www.ammc.ma/fr/espace-emetteurs/etats-financiers/attijariwafa-bank-27,121
COSUMAR,2018,Rapports sociaux 1er semestre,https://www.ammc.ma/fr/espace-emetteurs/etats-financiers/cosumar-32,122
ATTIJARIWAFA BANK,2018,Rapports sociaux 1er semestre,https://www.ammc.ma/fr/espace-emetteurs/etats-financiers/attijariwafa-bank-27,122
MANAGEM,2018,Rapports sociaux 1er semestre,https://www.ammc.ma/fr/espace-emetteurs/etats-financiers/managem-38,122
MAROC TELECOM,2018,Rapports consolidés 1er semestre,https://www.ammc.ma/fr/espace-emetteurs/etats-financiers/maroc-telecom,123
LABEL VIE S.A.,2017,Rapports sociaux annuels,https://www.ammc.ma/fr/espace-emetteurs/etats-financiers/labelvie-43,123
LABEL VIE S.A.,2017,Rapports consolidés annuels,https://www.ammc.ma/fr/espace-emetteurs/etats-financiers/labelvie-42,124
LABEL VIE S.A.,2017,Rapports sociaux annuels,https://www.ammc.ma/fr/espace-emetteurs/etats-financiers/labelvie-41,124
MAROC TELECOM,2017,Rapports consolidés annuels,https://www.ammc.ma/fr/espace-emetteurs/etats-financiers/maroc-telecom-32,124
MAROC TELECOM,2017,Rapports sociaux annuels,https://www.ammc.ma/fr/espace-emetteurs/etats-financiers/maroc-telecom-31,124
CIMENTS DU MAROC,2017,Rapports sociaux annuels,https://www.ammc.ma/fr/espace-emetteurs/etats-financiers/ciments-du-maroc-0,126
CIMENTS DU MAROC,2017,Rapports sociaux annuels,https://www.ammc.ma/fr/espace-emetteurs/etats-financiers/ciments-du-maroc-0,127
LABEL VIE S.A.,2017,Rapports consolidés 1er semestre,https://www.ammc.ma/fr/espace-emetteurs/etats-financiers/labelvie-22017,127
COSUMAR,2017,Rapports sociaux 2eme semestre,https://www.ammc.ma/fr/espace-emetteurs/etats-financiers/cosumar-2,128
Banque Centrale Populaire (BCP),2017,Rapports consolidés annuels,https://www.ammc.ma/fr/espace-emetteurs/etats-financiers/bcp,128
COSUMAR,2017,Rapports consolidés 2eme semestre,https://www.ammc.ma/fr/espace-emetteurs/etats-financiers/cosumar-1,130
COSUMAR,2017,Rapports consolidés annuels,https://www.ammc.ma/fr/espace-emetteurs/etats-financiers/cosumar2017,131
MANAGEM,2017,Rapports sociaux annuels,https://www.ammc.ma/fr/espace-emetteurs/etats-financiers/managem-0,132
Banque Centrale Populaire (BCP),2017,Rapports sociaux 2eme semestre,https://www.ammc.ma/fr/espace-emetteurs/etats-financiers/bcp-2,132
COSUMAR,2017,Rapports consolidés 2eme semestre,https://www.ammc.ma/fr/espace-emetteurs/etats-financiers/cosumar-1,133
ATTIJARIWAFA BANK,2017,Rapports sociaux 2eme semestre,https://www.ammc.ma/fr/espace-emetteurs/etats-financiers/attijariwafa-bank-2,134
ATTIJARIWAFA BANK,2017,Rapports consolidés annuels,https://www.ammc.ma/fr/espace-emetteurs/etats-financiers/attijariwafa-bank,135
LABEL VIE S.A.,2017,Rapports consolidés 2eme semestre,https://www.ammc.ma/fr/espace-emetteurs/etats-financiers/labelvie-02017,135
MANAGEM,2017,Rapports sociaux annuels,https://www.ammc.ma/fr/espace-emetteurs/etats-financiers/managem-0,135
Banque Centrale Populaire (BCP),2017,Rapports sociaux 2eme semestre,https://www.ammc.ma/fr/espace-emetteurs/etats-financiers/bcp-2,135
ATTIJARIWAFA BANK,2017,Rapports consolidés 2eme semestre,https://www.ammc.ma/fr/espace-emetteurs/etats-financiers/attijariwafa-bank-1,136
ATTIJARIWAFA BANK,2017,Rapports consolidés 2eme semestre,https://www.ammc.ma/fr/espace-emetteurs/etats-financiers/attijariwafa-bank-1,137
ATTIJARIWAFA BANK,2017,Rapports consolidés 2eme semestre,https://www.ammc.ma/fr/espace-emetteurs/etats-financiers/attijariwafa-bank-21,137
ATTIJARIWAFA BANK,2017,Rapports sociaux 2eme semestre,https://www.ammc.ma/fr/espace-emetteurs/etats-financiers/attijariwafa-bank-20,137
Banque Centrale Populaire (BCP),2017,Rapports consolidés 2eme semestre,https://www.ammc.ma/fr/espace-emetteurs/etats-financiers/bcp-29,138
Banque Centrale Populaire (BCP),2017,Rapports sociaux 2eme semestre,https://www.ammc.ma/fr/espace-emetteurs/etats-financiers/bcp-28,138
CIMENTS DU MAROC,2017,Rapports consolidés 1er semestre,https://www.ammc.ma/fr/espace-emetteurs/etats-financiers/ciments-du-maroc-22,141
CIMENTS DU MAROC,2017,Rapports sociaux 1er semestre,https://www.ammc.ma/fr/espace-emetteurs/etats-financiers/ciments-du-maroc-21,141
COSUMAR,2017,Rapports consolidés 1er semestre,https://www.ammc.ma/fr/espace-emetteurs/etats-financiers/rapports-consolides-1er-semestre-3,144
COSUMAR,2017,Rapports sociaux 1er semestre,https://www.ammc.ma/fr/espace-emetteurs/etats-financiers/rapports-sociaux-1er-semestre-4,144
LABEL VIE S.A.,2017,Rapports sociaux 2eme semestre,https://www.ammc.ma/fr/espace-emetteurs/etats-financiers/labelvie-29,145
LABEL VIE S.A.,2017,Rapports consolidés 1er semestre,https://www.ammc.ma/fr/espace-emetteurs/etats-financiers/labelvie-28,145
MANAGEM,2017,Rapports consolidés 1er semestre,https://www.ammc.ma/fr/espace-emetteurs/etats-financiers/managem-36,146
MANAGEM,2017,Rapports sociaux 1er semestre,https://www.ammc.ma/fr/espace-emetteurs/etats-financiers/managem-35,146
ATTIJARIWAFA BANK,2017,Rapports consolidés 1er semestre,https://www.ammc.ma/fr/espace-emetteurs/etats-financiers/attijariwafa-bank-19,147
ATTIJARIWAFA BANK,2017,Rapports sociaux 1er semestre,https://www.ammc.ma/fr/espace-emetteurs/etats-financiers/attijariwafa-bank-18,148
Banque Centrale Populaire (BCP),2017,Rapports consolidés 1er semestre,https://www.ammc.ma/fr/espace-emetteurs/etats-financiers/bcp-27,148
Banque Centrale Populaire (BCP),2017,Rapports sociaux 1er semestre,https://www.ammc.ma/fr/espace-emetteurs/etats-financiers/bcp-26,148
MAROC TELECOM,2017,Rapports consolidés 1er semestre,https://www.ammc.ma/fr/espace-emetteurs/etats-financiers/maroc-telecom-24,148
MAROC TELECOM,2017,Rapports sociaux 1er semestre,https://www.ammc.ma/fr/espace-emetteurs/etats-financiers/maroc-telecom-23,148
LABEL VIE S.A.,2016,Rapports sociaux annuels,https://www.ammc.ma/fr/espace-emetteurs/etats-financiers/labelvie-26,150
LABEL VIE S.A.,2016,Rapports consolidés annuels,https://www.ammc.ma/fr/espace-emetteurs/etats-financiers/labelvie-27,150
Banque Centrale Populaire (BCP),2016,Rapports consolidés annuels,https://www.ammc.ma/fr/espace-emetteurs/etats-financiers/bcp-25,151
Banque Centrale Populaire (BCP),2016,Rapports sociaux annuels,https://www.ammc.ma/fr/espace-emetteurs/etats-financiers/bcp-24,151
COSUMAR,2016,Rapports sociaux annuels,https://www.ammc.ma/fr/espace-emetteurs/etats-financiers/cosumar-28,153
MANAGEM,2016,Rapports consolidés annuels,https://www.ammc.ma/fr/espace-emetteurs/etats-financiers/managem-34,153
MANAGEM,2016,Rapports sociaux annuels,https://www.ammc.ma/fr/espace-emetteurs/etats-financiers/managem-33,153
ATTIJARIWAFA BANK,2016,Rapports consolidés annuels,https://www.ammc.ma/fr/espace-emetteurs/etats-financiers/attijariwafa-6,154
ATTIJARIWAFA BANK,2016,Rapports sociaux annuels,https://www.ammc.ma/fr/espace-emetteurs/etats-financiers/attijariwafa-5,154
COSUMAR,2016,Rapports consolidés annuels,https://www.ammc.ma/fr/espace-emetteurs/etats-financiers/cosumar-30,160
COSUMAR,2016,Rapports sociaux 2eme semestre,https://www.ammc.ma/fr/espace-emetteurs/etats-financiers/cosumar-29,160
MAROC TELECOM,2016,Rapports consolidés annuels,https://www.ammc.ma/fr/espace-emetteurs/etats-financiers/maroc-telecom-22,162
MAROC TELECOM,2016,Rapports sociaux annuels,https://www.ammc.ma/fr/espace-emetteurs/etats-financiers/maroc-telecom-21,162
MANAGEM,2016,Rapports consolidés 2eme semestre,https://www.ammc.ma/fr/espace-emetteurs/etats-financiers/managem-32,163
MANAGEM,2016,Rapports sociaux 2eme semestre,https://www.ammc.ma/fr/espace-emetteurs/etats-financiers/managem-31,163
CIMENTS DU MAROC,2016,Rapports consolidés annuels,https://www.ammc.ma/fr/espace-emetteurs/etats-financiers/ciments-du-maroc-20,163
CIMENTS DU MAROC,2016,Rapports sociaux annuels,https://www.ammc.ma/fr/espace-emetteurs/etats-financiers/ciments-du-maroc-19,163
LABEL VIE S.A.,2016,Rapports consolidés 2eme semestre,https://www.ammc.ma/fr/espace-emetteurs/etats-financiers/labelvie-25,164
LABEL VIE S.A.,2016,Rapports sociaux 2eme semestre,https://www.ammc.ma/fr/espace-emetteurs/etats-financiers/labelvie-24,164
ATTIJARIWAFA BANK,2016,Rapports consolidés 2eme semestre,https://www.ammc.ma/fr/espace-emetteurs/etats-financiers/attijariwafa-4,165
ATTIJARIWAFA BANK,2016,Rapports sociaux 2eme semestre,https://www.ammc.ma/fr/espace-emetteurs/etats-financiers/attijariwafa-3,165
Banque Centrale Populaire (BCP),2016,Rapports consolidés 2eme semestre,https://www.ammc.ma/fr/espace-emetteurs/etats-financiers/bcp-23,166
Banque Centrale Populaire (BCP),2016,Rapports sociaux 2eme semestre,https://www.ammc.ma/fr/espace-emetteurs/etats-financiers/bcp-22,166
COSUMAR,2016,Rapports consolidés 1er semestre,https://www.ammc.ma/fr/espace-emetteurs/etats-financiers/cosumar-27,168
COSUMAR,2016,Rapports sociaux 1er semestre,https://www.ammc.ma/fr/espace-emetteurs/etats-financiers/cosumar-26,168
MANAGEM,2016,Rapports consolidés 1er semestre,https://www.ammc.ma/fr/espace-emetteurs/etats-financiers/managem-30,169
MANAGEM,2016,Rapports sociaux 1er semestre,https://www.ammc.ma/fr/espace-emetteurs/etats-financiers/managem-29,169
CIMENTS DU MAROC,2016,Rapports consolidés 1er semestre,https://www.ammc.ma/fr/espace-emetteurs/etats-financiers/ciments-du-maroc-18,173
CIMENTS DU MAROC,2016,Rapports sociaux 1er semestre,https://www.ammc.ma/fr/espace-emetteurs/etats-financiers/ciments-du-maroc-17,173
LABEL VIE S.A.,2016,Rapports sociaux 1er semestre,https://www.ammc.ma/fr/espace-emetteurs/etats-financiers/labelvie-22,175
LABEL VIE S.A.,2016,Rapports consolidés 1er semestre,https://www.ammc.ma/fr/espace-emetteurs/etats-financiers/labelvie-23,175
MAROC TELECOM,2016,Rapports consolidés 1er semestre,https://www.ammc.ma/fr/espace-emetteurs/etats-financiers/maroc-telecom-20,176
MAROC TELECOM,2016,Rapports sociaux 1er semestre,https://www.ammc.ma/fr/espace-emetteurs/etats-financiers/maroc-telecom-19,176
ATTIJARIWAFA BANK,2016,Rapports consolidés 1er semestre,https://www.ammc.ma/fr/espace-emetteurs/etats-financiers/attijariwafa-2,176
ATTIJARIWAFA BANK,2016,Rapports sociaux 1er semestre,https://www.ammc.ma/fr/espace-emetteurs/etats-financiers/attijariwafa-1,176
Banque Centrale Populaire (BCP),2016,Rapports consolidés 1er semestre,https://www.ammc.ma/fr/espace-emetteurs/etats-financiers/bcp-21,176
Banque Centrale Populaire (BCP),2016,Rapports sociaux 1er semestre,https://www.ammc.ma/fr/espace-emetteurs/etats-financiers/bcp-20,176
LABEL VIE S.A.,2015,Rapports consolidés annuels,https://www.ammc.ma/fr/espace-emetteurs/etats-financiers/labelvie-21,178
LABEL VIE S.A.,2015,Rapports sociaux annuels,https://www.ammc.ma/fr/espace-emetteurs/etats-financiers/label-vie-4,178
COSUMAR,2015,Rapports sociaux annuels,https://www.ammc.ma/fr/espace-emetteurs/etats-financiers/cosumar-25,179
MANAGEM,2015,Rapports consolidés annuels,https://www.ammc.ma/fr/espace-emetteurs/etats-financiers/managem-28,179
MANAGEM,2015,Rapports sociaux annuels,https://www.ammc.ma/fr/espace-emetteurs/etats-financiers/managem-27,179
MAROC TELECOM,2015,Rapports consolidés annuels,https://www.ammc.ma/fr/espace-emetteurs/etats-financiers/maroc-telecom-18,186
MAROC TELECOM,2015,Rapports sociaux annuels,https://www.ammc.ma/fr/espace-emetteurs/etats-financiers/maroc-telecom-17,186
COSUMAR,2015,Rapports consolidés 2eme semestre,https://www.ammc.ma/fr/espace-emetteurs/etats-financiers/cosumar-24,186
COSUMAR,2015,Rapports sociaux 2eme semestre,https://www.ammc.ma/fr/espace-emetteurs/etats-financiers/cosumar-23,186
MANAGEM,2015,Rapports consolidés 2eme semestre,https://www.ammc.ma/fr/espace-emetteurs/etats-financiers/managem-26,190
MANAGEM,2015,Rapports sociaux 2eme semestre,https://www.ammc.ma/fr/espace-emetteurs/etats-financiers/managem-25,190
LABEL VIE S.A.,2015,Rapports consolidés 2eme semestre,https://www.ammc.ma/fr/espace-emetteurs/etats-financiers/labelvie-20,190
LABEL VIE S.A.,2015,Rapports sociaux 2eme semestre,https://www.ammc.ma/fr/espace-emetteurs/etats-financiers/labelvie-19,191
CIMENTS DU MAROC,2015,Rapports consolidés annuels,https://www.ammc.ma/fr/espace-emetteurs/etats-financiers/ciments-du-maroc-16,191
CIMENTS DU MAROC,2015,Rapports sociaux annuels,https://www.ammc.ma/fr/espace-emetteurs/etats-financiers/ciments-du-maroc-15,191
Banque Centrale Populaire (BCP),2015,Rapports consolidés annuels,https://www.ammc.ma/fr/espace-emetteurs/etats-financiers/bcp-18,193
Banque Centrale Populaire (BCP),2015,Rapports sociaux annuels,https://www.ammc.ma/fr/espace-emetteurs/etats-financiers/bcp-19,193
ATTIJARIWAFA BANK,2015,Rapports consolidés 2eme semestre,https://www.ammc.ma/fr/espace-emetteurs/etats-financiers/attijariwafa,193
ATTIJARIWAFA BANK,2015,Rapports sociaux 2eme semestre,https://www.ammc.ma/fr/espace-emetteurs/etats-financiers/attijariwafa-0,193
LABEL VIE S.A.,2015,Rapports consolidés 1er semestre,https://www.ammc.ma/fr/espace-emetteurs/etats-financiers/labelvie-18,194
LABEL VIE S.A.,2015,Rapports sociaux 1er semestre,https://www.ammc.ma/fr/espace-emetteurs/etats-financiers/labelvie-17,194
CIMENTS DU MAROC,2015,Rapports consolidés 1er semestre,https://www.ammc.ma/fr/espace-emetteurs/etats-financiers/ciments-du-maroc-14,194
CIMENTS DU MAROC,2015,Rapports sociaux 1er semestre,https://www.ammc.ma/fr/espace-emetteurs/etats-financiers/ciments-du-maroc-13,194
COSUMAR,2015,Rapports consolidés 1er semestre,https://www.ammc.ma/fr/espace-emetteurs/etats-financiers/cosumar-22,197
COSUMAR,2015,Rapports sociaux 1er semestre,https://www.ammc.ma/fr/espace-emetteurs/etats-financiers/cosumar-21,197
MANAGEM,2015,Rapports consolidés 1er semestre,https://www.ammc.ma/fr/espace-emetteurs/etats-financiers/managem-24,200
MANAGEM,2015,Rapports sociaux 1er semestre,https://www.ammc.ma/fr/espace-emetteurs/etats-financiers/managem-23,200
Banque Centrale Populaire (BCP),2015,Rapports consolidés 1er semestre,https://www.ammc.ma/fr/espace-emetteurs/etats-financiers/bcp-17,203
Banque Centrale Populaire (BCP),2015,Rapports sociaux 1er semestre,https://www.ammc.ma/fr/espace-emetteurs/etats-financiers/bcp-16,203
ATTIJARIWAFA BANK,2015,Rapports consolidés 1er semestre,https://www.ammc.ma/fr/espace-emetteurs/etats-financiers/attijariwafa-bank-17,203
ATTIJARIWAFA BANK,2015,Rapports sociaux 1er semestre,https://www.ammc.ma/fr/espace-emetteurs/etats-financiers/attijariwafa-bank-16,203
MAROC TELECOM,2015,Rapports consolidés 1er semestre,https://www.ammc.ma/fr/espace-emetteurs/etats-financiers/maroc-telecom-16,204
MAROC TELECOM,2015,Rapports sociaux 1er semestre,https://www.ammc.ma/fr/espace-emetteurs/etats-financiers/maroc-telecom-15,204
LABEL VIE S.A.,2014,Rapports consolidés 2eme semestre,https://www.ammc.ma/fr/espace-emetteurs/etats-financiers/label-vie-3,205
LABEL VIE S.A.,2014,Rapports sociaux 2eme semestre,https://www.ammc.ma/fr/espace-emetteurs/etats-financiers/label-vie-2,205
LABEL VIE S.A.,2014,Rapports consolidés annuels,https://www.ammc.ma/fr/espace-emetteurs/etats-financiers/label-vie-1,206
LABEL VIE S.A.,2014,Rapports sociaux annuels,https://www.ammc.ma/fr/espace-emetteurs/etats-financiers/labelvie-16,206
Banque Centrale Populaire (BCP),2014,Rapports sociaux annuels,https://www.ammc.ma/fr/espace-emetteurs/etats-financiers/bcp-15,209
COSUMAR,2014,Rapports consolidés annuels,https://www.ammc.ma/fr/espace-emetteurs/etats-financiers/cosumar-20,209
COSUMAR,2014,Rapports sociaux annuels,https://www.ammc.ma/fr/espace-emetteurs/etats-financiers/cosumar-19,209
MANAGEM,2014,Rapports consolidés annuels,https://www.ammc.ma/fr/espace-emetteurs/etats-financiers/managem-22,210
MANAGEM,2014,Rapports sociaux annuels,https://www.ammc.ma/fr/espace-emetteurs/etats-financiers/managem-21,210
MANAGEM,2014,Rapports consolidés 2eme semestre,https://www.ammc.ma/fr/espace-emetteurs/etats-financiers/managem-20,211
MANAGEM,2014,Rapports sociaux 2eme semestre,https://www.ammc.ma/fr/espace-emetteurs/etats-financiers/managem-19,211
MAROC TELECOM,2014,Rapports consolidés annuels,https://www.ammc.ma/fr/espace-emetteurs/etats-financiers/maroc-telecom-14,214
MAROC TELECOM,2014,Rapports sociaux annuels,https://www.ammc.ma/fr/espace-emetteurs/etats-financiers/maroc-telecom-13,214
COSUMAR,2014,Rapports consolidés 2eme semestre,https://www.ammc.ma/fr/espace-emetteurs/etats-financiers/cosumar-18,215
COSUMAR,2014,Rapports sociaux 2eme semestre,https://www.ammc.ma/fr/espace-emetteurs/etats-financiers/cosumar-17,215
CIMENTS DU MAROC,2014,Rapports consolidés annuels,https://www.ammc.ma/fr/espace-emetteurs/etats-financiers/ciments-du-maroc-12,219
CIMENTS DU MAROC,2014,Rapports sociaux annuels,https://www.ammc.ma/fr/espace-emetteurs/etats-financiers/ciments-du-maroc-11,219
Banque Centrale Populaire (BCP),2014,Rapports consolidés 2eme semestre,https://www.ammc.ma/fr/espace-emetteurs/etats-financiers/bcp-14,219
Banque Centrale Populaire (BCP),2014,Rapports sociaux 2eme semestre,https://www.ammc.ma/fr/espace-emetteurs/etats-financiers/bcp-13,219
ATTIJARIWAFA BANK,2014,Rapports consolidés 2eme semestre,https://www.ammc.ma/fr/espace-emetteurs/etats-financiers/attijariwafa-bank-15,220
ATTIJARIWAFA BANK,2014,Rapports sociaux 2eme semestre,https://www.ammc.ma/fr/espace-emetteurs/etats-financiers/attijariwafa-bank-14,220
Banque Centrale Populaire (BCP),2014,Rapports sociaux 1er semestre,https://www.ammc.ma/fr/espace-emetteurs/etats-financiers/bcp-12,220
MANAGEM,2014,Rapports consolidés 1er semestre,https://www.ammc.ma/fr/espace-emetteurs/etats-financiers/managem-18,223
MANAGEM,2014,Rapports sociaux 1er semestre,https://www.ammc.ma/fr/espace-emetteurs/etats-financiers/managem-17,223
COSUMAR,2014,Rapports consolidés 1er semestre,https://www.ammc.ma/fr/espace-emetteurs/etats-financiers/cosumar-16,224
COSUMAR,2014,Rapports sociaux 1er semestre,https://www.ammc.ma/fr/espace-emetteurs/etats-financiers/cosumar-15,224
CIMENTS DU MAROC,2014,Rapports consolidés 1er semestre,https://www.ammc.ma/fr/espace-emetteurs/etats-financiers/ciments-du-maroc-10,226
CIMENTS DU MAROC,2014,Rapports sociaux 1er semestre,https://www.ammc.ma/fr/espace-emetteurs/etats-financiers/ciments-du-maroc-9,226
LABEL VIE S.A.,2014,Rapports consolidés 1er semestre,https://www.ammc.ma/fr/espace-emetteurs/etats-financiers/label-vie-0,228
LABEL VIE S.A.,2014,Rapports sociaux 1er semestre,https://www.ammc.ma/fr/espace-emetteurs/etats-financiers/label-vie,228
ATTIJARIWAFA BANK,2014,Rapports consolidés 1er semestre,https://www.ammc.ma/fr/espace-emetteurs/etats-financiers/attijariwafa-bank-13,229
ATTIJARIWAFA BANK,2014,Rapports sociaux 1er semestre,https://www.ammc.ma/fr/espace-emetteurs/etats-financiers/attijariwafa-bank-12,229
Banque Centrale Populaire (BCP),2014,Rapports consolidés 1er semestre,https://www.ammc.ma/fr/espace-emetteurs/etats-financiers/bcp-11,230
MAROC TELECOM,2014,Rapports consolidés 1er semestre,https://www.ammc.ma/fr/espace-emetteurs/etats-financiers/maroc-telecom-12,231
MAROC TELECOM,2014,Rapports sociaux 1er semestre,https://www.ammc.ma/fr/espace-emetteurs/etats-financiers/maroc-telecom-11,231
LABEL VIE S.A.,2013,Rapports consolidés annuels,https://www.ammc.ma/fr/espace-emetteurs/etats-financiers/labelvie-15,234
LABEL VIE S.A.,2013,Rapports sociaux annuels,https://www.ammc.ma/fr/espace-emetteurs/etats-financiers/labelvie-14,234
MANAGEM,2013,Rapports consolidés annuels,https://www.ammc.ma/fr/espace-emetteurs/etats-financiers/managem-16,236
MANAGEM,2013,Rapports sociaux annuels,https://www.ammc.ma/fr/espace-emetteurs/etats-financiers/managem-15,237
COSUMAR,2013,Rapports sociaux annuels,https://www.ammc.ma/fr/espace-emetteurs/etats-financiers/cosumar-14,237
LABEL VIE S.A.,2013,Rapports consolidés 2eme semestre,https://www.ammc.ma/fr/espace-emetteurs/etats-financiers/labelvie-13,240
LABEL VIE S.A.,2013,Rapports sociaux 2eme semestre,https://www.ammc.ma/fr/espace-emetteurs/etats-financiers/labelvie-12,240
COSUMAR,2013,Rapports consolidés 2eme semestre,https://www.ammc.ma/fr/espace-emetteurs/etats-financiers/cosumar-13,242
COSUMAR,2013,Rapports sociaux 2eme semestre,https://www.ammc.ma/fr/espace-emetteurs/etats-financiers/cosumar-12,242
MANAGEM,2013,Rapports consolidés 2eme semestre,https://www.ammc.ma/fr/espace-emetteurs/etats-financiers/managem-14,243
MANAGEM,2013,Rapports sociaux 2eme semestre,https://www.ammc.ma/fr/espace-emetteurs/etats-financiers/managem-13,243
ATTIJARIWAFA BANK,2013,Rapports consolidés annuels,https://www.ammc.ma/fr/espace-emetteurs/etats-financiers/attijariwafa-bank-11,245
ATTIJARIWAFA BANK,2013,Rapports sociaux annuels,https://www.ammc.ma/fr/espace-emetteurs/etats-financiers/attijariwafa-bank-10,245
MAROC TELECOM,2013,Rapports consolidés annuels,https://www.ammc.ma/fr/espace-emetteurs/etats-financiers/maroc-telecom-10,245
MAROC TELECOM,2013,Rapports sociaux annuels,https://www.ammc.ma/fr/espace-emetteurs/etats-financiers/maroc-telecom-9,245
CIMENTS DU MAROC,2013,Rapports consolidés annuels,https://www.ammc.ma/fr/espace-emetteurs/etats-financiers/ciments-du-maroc-8,246
CIMENTS DU MAROC,2013,Rapports sociaux annuels,https://www.ammc.ma/fr/espace-emetteurs/etats-financiers/ciments-du-maroc-7,246
Banque Centrale Populaire (BCP),2013,Rapports consolidés annuels,https://www.ammc.ma/fr/espace-emetteurs/etats-financiers/bcp-10,247
Banque Centrale Populaire (BCP),2013,Rapports sociaux annuels,https://www.ammc.ma/fr/espace-emetteurs/etats-financiers/bcp-7,248
LABEL VIE S.A.,2013,Rapports consolidés 1er semestre,https://www.ammc.ma/fr/espace-emetteurs/etats-financiers/labelvie-11,252
LABEL VIE S.A.,2013,Rapports sociaux 1er semestre,https://www.ammc.ma/fr/espace-emetteurs/etats-financiers/labelvie-10,252
COSUMAR,2013,Rapports consolidés 1er semestre,https://www.ammc.ma/fr/espace-emetteurs/etats-financiers/cosumar-11,253
COSUMAR,2013,Rapports sociaux 1er semestre,https://www.ammc.ma/fr/espace-emetteurs/etats-financiers/cosumar-10,253
CIMENTS DU MAROC,2013,Rapports sociaux 1er semestre,https://www.ammc.ma/fr/espace-emetteurs/etats-financiers/ciments-du-maroc-5,254
CIMENTS DU MAROC,2013,Rapports consolidés 1er semestre,https://www.ammc.ma/fr/espace-emetteurs/etats-financiers/ciments-du-maroc-6,254
MANAGEM,2013,Rapports consolidés 1er semestre,https://www.ammc.ma/fr/espace-emetteurs/etats-financiers/managem-12,255
MANAGEM,2013,Rapports sociaux 1er semestre,https://www.ammc.ma/fr/espace-emetteurs/etats-financiers/managem-11,255
Banque Centrale Populaire (BCP),2013,Rapports consolidés 1er semestre,https://www.ammc.ma/fr/espace-emetteurs/etats-financiers/bcp-9,258
Banque Centrale Populaire (BCP),2013,Rapports sociaux 1er semestre,https://www.ammc.ma/fr/espace-emetteurs/etats-financiers/bcp-8,258
ATTIJARIWAFA BANK,2013,Rapports consolidés 1er semestre,https://www.ammc.ma/fr/espace-emetteurs/etats-financiers/attijariwafa-bank-9,258
ATTIJARIWAFA BANK,2013,Rapports sociaux 1er semestre,https://www.ammc.ma/fr/espace-emetteurs/etats-financiers/attijariwafa-bank-8,258
MAROC TELECOM,2013,Rapports consolidés 1er semestre,https://www.ammc.ma/fr/espace-emetteurs/etats-financiers/maroc-telecom-8,258
MAROC TELECOM,2013,Rapports sociaux 1er semestre,https://www.ammc.ma/fr/espace-emetteurs/etats-financiers/maroc-telecom-7,258
COSUMAR,2012,Rapports consolidés annuels,https://www.ammc.ma/fr/espace-emetteurs/etats-financiers/cosumar-9,260
COSUMAR,2012,Rapports sociaux annuels,https://www.ammc.ma/fr/espace-emetteurs/etats-financiers/cosumar-8,260
MANAGEM,2012,Rapports consolidés annuels,https://www.ammc.ma/fr/espace-emetteurs/etats-financiers/managem-10,261
MANAGEM,2012,Rapports sociaux annuels,https://www.ammc.ma/fr/espace-emetteurs/etats-financiers/managem-9,261
LABEL VIE S.A.,2012,Rapports consolidés annuels,https://www.ammc.ma/fr/espace-emetteurs/etats-financiers/labelvie-9,262
LABEL VIE S.A.,2012,Rapports sociaux annuels,https://www.ammc.ma/fr/espace-emetteurs/etats-financiers/labelvie-8,262
COSUMAR,2012,Rapports consolidés 2eme semestre,https://www.ammc.ma/fr/espace-emetteurs/etats-financiers/cosumar-7,266
COSUMAR,2012,Rapports sociaux 2eme semestre,https://www.ammc.ma/fr/espace-emetteurs/etats-financiers/cosumar-6,266
CIMENTS DU MAROC,2012,Rapports consolidés annuels,https://www.ammc.ma/fr/espace-emetteurs/etats-financiers/ciments-du-maroc-4,267
CIMENTS DU MAROC,2012,Rapports sociaux annuels,https://www.ammc.ma/fr/espace-emetteurs/etats-financiers/ciments-du-maroc-3,267
LABEL VIE S.A.,2012,Rapports consolidés 2eme semestre,https://www.ammc.ma/fr/espace-emetteurs/etats-financiers/labelvie-7,269
LABEL VIE S.A.,2012,Rapports sociaux 2eme semestre,https://www.ammc.ma/fr/espace-emetteurs/etats-financiers/labelvie-6,269
MANAGEM,2012,Rapports consolidés 2eme semestre,https://www.ammc.ma/fr/espace-emetteurs/etats-financiers/managem-8,269
MANAGEM,2012,Rapports sociaux 2eme semestre,https://www.ammc.ma/fr/espace-emetteurs/etats-financiers/managem-7,269
MAROC TELECOM,2012,Rapports consolidés annuels,https://www.ammc.ma/fr/espace-emetteurs/etats-financiers/maroc-telecom-6,271
MAROC TELECOM,2012,Rapports sociaux annuels,https://www.ammc.ma/fr/espace-emetteurs/etats-financiers/maroc-telecom-5,271
ATTIJARIWAFA BANK,2012,Rapports consolidés annuels,https://www.ammc.ma/fr/espace-emetteurs/etats-financiers/attijariwafa-bank-7,272
ATTIJARIWAFA BANK,2012,Rapports consolidés annuels,https://www.ammc.ma/fr/espace-emetteurs/etats-financiers/attijariwafa-bank-6,272
ATTIJARIWAFA BANK,2012,Rapports sociaux annuels,https://www.ammc.ma/fr/espace-emetteurs/etats-financiers/attijariwafa-bank-5,272
Banque Centrale Populaire (BCP),2012,Rapports consolidés annuels,https://www.ammc.ma/fr/espace-emetteurs/etats-financiers/bcp-6,272
Banque Centrale Populaire (BCP),2012,Rapports sociaux annuels,https://www.ammc.ma/fr/espace-emetteurs/etats-financiers/bcp-5,272
CIMENTS DU MAROC,2012,Rapports sociaux 1er semestre,https://www.ammc.ma/fr/espace-emetteurs/etats-financiers/ciments-du-maroc-2,273
COSUMAR,2012,Rapports consolidés 1er semestre,https://www.ammc.ma/fr/espace-emetteurs/etats-financiers/cosumar-5,274
COSUMAR,2012,Rapports sociaux 1er semestre,https://www.ammc.ma/fr/espace-emetteurs/etats-financiers/cosumar-4,274
MANAGEM,2012,Rapports consolidés 1er semestre,https://www.ammc.ma/fr/espace-emetteurs/etats-financiers/managem-6,275
MANAGEM,2012,Rapports sociaux 1er semestre,https://www.ammc.ma/fr/espace-emetteurs/etats-financiers/managem-5,276
LABEL VIE S.A.,2012,Rapports consolidés 1er semestre,https://www.ammc.ma/fr/espace-emetteurs/etats-financiers/labelvie-5,279
LABEL VIE S.A.,2012,Rapports sociaux 1er semestre,https://www.ammc.ma/fr/espace-emetteurs/etats-financiers/labelvie-4,279
Banque Centrale Populaire (BCP),2012,Rapports consolidés 1er semestre,https://www.ammc.ma/fr/espace-emetteurs/etats-financiers/bcp-4,282
Banque Centrale Populaire (BCP),2012,Rapports sociaux 1er semestre,https://www.ammc.ma/fr/espace-emetteurs/etats-financiers/bcp-3,282
ATTIJARIWAFA BANK,2012,Rapports consolidés 1er semestre,https://www.ammc.ma/fr/espace-emetteurs/etats-financiers/attijariwafa-bank-2,282
ATTIJARIWAFA BANK,2012,Rapports sociaux 1er semestre,https://www.ammc.ma/fr/espace-emetteurs/etats-financiers/attijariwafa-bank-1,282
MAROC TELECOM,2012,Rapports consolidés 1er semestre,https://www.ammc.ma/fr/espace-emetteurs/etats-financiers/maroc-telecom-4,282
MAROC TELECOM,2012,Rapports sociaux 1er semestre,https://www.ammc.ma/fr/espace-emetteurs/etats-financiers/maroc-telecom-3,282
LABEL VIE S.A.,2011,Rapports sociaux 2eme semestre,https://www.ammc.ma/fr/espace-emetteurs/etats-financiers/labelvie-40,282
LABEL VIE S.A.,2011,Rapports consolidés 2eme semestre,https://www.ammc.ma/fr/espace-emetteurs/etats-financiers/labelvie-39,282
MAROC TELECOM,2011,Rapports consolidés annuels,https://www.ammc.ma/fr/espace-emetteurs/etats-financiers/maroc-telecom-12017,283
MAROC TELECOM,2011,Rapports sociaux 1er semestre,https://www.ammc.ma/fr/espace-emetteurs/etats-financiers/maroc-telecom-02011,284
MAROC TELECOM,2011,Rapports sociaux annuels,https://www.ammc.ma/fr/espace-emetteurs/etats-financiers/maroc-telecom-22017,285
MANAGEM,2011,Rapports consolidés annuels,https://www.ammc.ma/fr/espace-emetteurs/etats-financiers/managem-4,287
CIMENTS DU MAROC,2011,Rapports consolidés annuels,https://www.ammc.ma/fr/espace-emetteurs/etats-financiers/cimar-rapportconsolides2011,288
LABEL VIE S.A.,2011,Rapports consolidés annuels,https://www.ammc.ma/fr/espace-emetteurs/etats-financiers/labelvie-3,288
LABEL VIE S.A.,2011,Rapports sociaux annuels,https://www.ammc.ma/fr/espace-emetteurs/etats-financiers/labelvie-2,288
MANAGEM,2011,Rapports sociaux annuels,https://www.ammc.ma/fr/espace-emetteurs/etats-financiers/managem-3,291
COSUMAR,2011,Rapports sociaux annuels,https://www.ammc.ma/fr/espace-emetteurs/etats-financiers/cosumar-3,291
CIMENTS DU MAROC,2011,Rapports sociaux annuels,https://www.ammc.ma/fr/espace-emetteurs/etats-financiers/ciments-du-maroc-1,293
MAROC TELECOM,2011,Rapports consolidés annuels,https://www.ammc.ma/fr/espace-emetteurs/etats-financiers/maroc-telecom-2,294
MAROC TELECOM,2011,Rapports sociaux annuels,https://www.ammc.ma/fr/espace-emetteurs/etats-financiers/maroc-telecom-1,294
MANAGEM,2011,Rapports consolidés 2eme semestre,https://www.ammc.ma/fr/espace-emetteurs/etats-financiers/managem-2,295
MANAGEM,2011,Rapports sociaux 2eme semestre,https://www.ammc.ma/fr/espace-emetteurs/etats-financiers/managem-1,295
COSUMAR,2011,Rapports consolidés 2eme semestre,https://www.ammc.ma/fr/espace-emetteurs/etats-financiers/cosumar-2,296
COSUMAR,2011,Rapports sociaux 2eme semestre,https://www.ammc.ma/fr/espace-emetteurs/etats-financiers/cosumar-1,296
LABEL VIE S.A.,2011,Rapports consolidés 2eme semestre,https://www.ammc.ma/fr/espace-emetteurs/etats-financiers/labelvie-1,298
LABEL VIE S.A.,2011,Rapports sociaux 2eme semestre,https://www.ammc.ma/fr/espace-emetteurs/etats-financiers/labelvie-0,298
Banque Centrale Populaire (BCP),2011,Rapports consolidés annuels,https://www.ammc.ma/fr/espace-emetteurs/etats-financiers/bcp-2,299
Banque Centrale Populaire (BCP),2011,Rapports sociaux annuels,https://www.ammc.ma/fr/espace-emetteurs/etats-financiers/bcp-1,299
ATTIJARIWAFA BANK,2011,Rapports consolidés annuels,https://www.ammc.ma/fr/espace-emetteurs/etats-financiers/attijariwafa-bank-0,300
ATTIJARIWAFA BANK,2011,Rapports sociaux annuels,https://www.ammc.ma/fr/espace-emetteurs/etats-financiers/attijariwafa-bank,300
MANAGEM,2011,Rapports consolidés 1er semestre,https://www.ammc.ma/fr/espace-emetteurs/etats-financiers/managem-0,302
MANAGEM,2011,Rapports sociaux 1er semestre,https://www.ammc.ma/fr/espace-emetteurs/etats-financiers/managem,302
COSUMAR,2011,Rapports consolidés 1er semestre,https://www.ammc.ma/fr/espace-emetteurs/etats-financiers/cosumar,304
COSUMAR,2011,Rapports sociaux 1er semestre,https://www.ammc.ma/fr/espace-emetteurs/etats-financiers/cosumar-0,304
LABEL VIE S.A.,2011,Rapports sociaux 1er semestre,https://www.ammc.ma/fr/espace-emetteurs/etats-financiers/labelvie,305
CIMENTS DU MAROC,2011,Rapports consolidés 1er semestre,https://www.ammc.ma/fr/espace-emetteurs/etats-financiers/ciments-du-maroc-0,306
CIMENTS DU MAROC,2011,Rapports sociaux 1er semestre,https://www.ammc.ma/fr/espace-emetteurs/etats-financiers/ciments-du-maroc,306
Banque Centrale Populaire (BCP),2011,Rapports consolidés 1er semestre,https://www.ammc.ma/fr/espace-emetteurs/etats-financiers/bcp,308
Banque Centrale Populaire (BCP),2011,Rapports sociaux 1er semestre,https://www.ammc.ma/fr/espace-emetteurs/etats-financiers/bcp-0,308
MAROC TELECOM,2011,Rapports consolidés 1er semestre,https://www.ammc.ma/fr/espace-emetteurs/etats-financiers/maroc-telecom,308
MAROC TELECOM,2011,Rapports sociaux 1er semestre,https://www.ammc.ma/fr/espace-emetteurs/etats-financiers/maroc-telecom-0,308
ATTIJARIWAFA BANK,2011,Rapports consolidés 1er semestre,https://www.ammc.ma/fr/espace-emetteurs/etats-financiers/attijariwafa-bank-3,308
ATTIJARIWAFA BANK,2011,Rapports sociaux 1er semestre,https://www.ammc.ma/fr/espace-emetteurs/etats-financiers/attijariwafa-bank-4,308
MAROC TELECOM,2010,Rapports consolidés annuels,https://www.ammc.ma/fr/espace-emetteurs/etats-financiers/maroc-telecom-2010-6,310
MAROC TELECOM,2010,Rapports sociaux annuels,https://www.ammc.ma/fr/espace-emetteurs/etats-financiers/maroc-telecom-2010-5,310
COSUMAR,2010,Rapports sociaux annuels,https://www.ammc.ma/fr/espace-emetteurs/etats-financiers/cosumar-2010-8,312
MANAGEM,2010,Rapports sociaux annuels,https://www.ammc.ma/fr/espace-emetteurs/etats-financiers/managem-2010-8,312
COSUMAR,2010,Rapports consolidés 2eme semestre,https://www.ammc.ma/fr/espace-emetteurs/etats-financiers/cosumar-2010-7,314
LABEL VIE S.A.,2010,Rapports consolidés 2eme semestre,https://www.ammc.ma/fr/espace-emetteurs/etats-financiers/label-vie-sa-2010-6,314
MANAGEM,2010,Rapports consolidés 2eme semestre,https://www.ammc.ma/fr/espace-emetteurs/etats-financiers/managem-2010-7,314
Banque Centrale Populaire (BCP),2010,Rapports consolidés 2eme semestre,https://www.ammc.ma/fr/espace-emetteurs/etats-financiers/bcp-2010-6,314
LABEL VIE S.A.,2010,Rapports consolidés 1er semestre,https://www.ammc.ma/fr/espace-emetteurs/etats-financiers/label-vie-sa-2010-5,315
Banque Centrale Populaire (BCP),2010,Rapports consolidés 2eme semestre,https://www.ammc.ma/fr/espace-emetteurs/etats-financiers/bcp-2010-6,315
MAROC TELECOM,2010,Rapports consolidés 1er semestre,https://www.ammc.ma/fr/espace-emetteurs/etats-financiers/maroc-telecom-2010-4,315
ATTIJARIWAFA BANK,2010,Rapports consolidés 2eme semestre,https://www.ammc.ma/fr/espace-emetteurs/etats-financiers/attijariwafa-bank-2010-6,316
MANAGEM,2010,Rapports consolidés 1er semestre,https://www.ammc.ma/fr/espace-emetteurs/etats-financiers/managem-2010-6,316
LABEL VIE S.A.,2010,Rapports consolidés 1er semestre,https://www.ammc.ma/fr/espace-emetteurs/etats-financiers/label-vie-sa-2010-5,316
Banque Centrale Populaire (BCP),2010,Rapports consolidés 2eme semestre,https://www.ammc.ma/fr/espace-emetteurs/etats-financiers/bcp-2010-6,316
ATTIJARIWAFA BANK,2010,Rapports consolidés 1er semestre,https://www.ammc.ma/fr/espace-emetteurs/etats-financiers/attijariwafa-bank-2010-5,317
Banque Centrale Populaire (BCP),2010,Rapports consolidés 1er semestre,https://www.ammc.ma/fr/espace-emetteurs/etats-financiers/bcp-2010-5,317
COSUMAR,2010,Rapports consolidés 1er semestre,https://www.ammc.ma/fr/espace-emetteurs/etats-financiers/cosumar-2010-6,317
CIMENTS DU MAROC,2010,Rapports consolidés 1er semestre,https://www.ammc.ma/fr/espace-emetteurs/etats-financiers/ciments-du-maroc-2010-3,317
LABEL VIE S.A.,2010,Rapports sociaux 2eme semestre,https://www.ammc.ma/fr/espace-emetteurs/etats-financiers/label-vie-sa-2010-4,319
MANAGEM,2010,Rapports sociaux 2eme semestre,https://www.ammc.ma/fr/espace-emetteurs/etats-financiers/managem-2010-5,319
ATTIJARIWAFA BANK,2010,Rapports sociaux 2eme semestre,https://www.ammc.ma/fr/espace-emetteurs/etats-financiers/attijariwafa-bank-2010-4,320
COSUMAR,2010,Rapports sociaux 2eme semestre,https://www.ammc.ma/fr/espace-emetteurs/etats-financiers/cosumar-2010-5,320
Banque Centrale Populaire (BCP),2010,Rapports sociaux 2eme semestre,https://www.ammc.ma/fr/espace-emetteurs/etats-financiers/bcp-2010-4,320
MAROC TELECOM,2010,Rapports sociaux 1er semestre,https://www.ammc.ma/fr/espace-emetteurs/etats-financiers/maroc-telecom-2010-3,322
MAROC TELECOM,2010,Rapports sociaux 1er semestre,https://www.ammc.ma/fr/espace-emetteurs/etats-financiers/maroc-telecom-2010-3,323
MANAGEM,2010,Rapports sociaux 1er semestre,https://www.ammc.ma/fr/espace-emetteurs/etats-financiers/managem-2010-4,323
LABEL VIE S.A.,2010,Rapports sociaux 1er semestre,https://www.ammc.ma/fr/espace-emetteurs/etats-financiers/label-vie-sa-2010-3,324
COSUMAR,2010,Rapports sociaux 1er semestre,https://www.ammc.ma/fr/espace-emetteurs/etats-financiers/cosumar-2010-4,325
CIMENTS DU MAROC,2010,Rapports sociaux 1er semestre,https://www.ammc.ma/fr/espace-emetteurs/etats-financiers/ciments-du-maroc-2010-2,325
ATTIJARIWAFA BANK,2010,Rapports sociaux 1er semestre,https://www.ammc.ma/fr/espace-emetteurs/etats-financiers/attijariwafa-bank-2010-3,325
Banque Centrale Populaire (BCP),2010,Rapports sociaux 1er semestre,https://www.ammc.ma/fr/espace-emetteurs/etats-financiers/bcp-2010-3,325
COSUMAR,2009,Rapports consolidés annuels,https://www.ammc.ma/fr/espace-emetteurs/etats-financiers/cosumar-2009-10,327
MAROC TELECOM,2009,Rapports consolidés annuels,https://www.ammc.ma/fr/espace-emetteurs/etats-financiers/maroc-telecom-2009-6,327
COSUMAR,2009,Rapports consolidés annuels,https://www.ammc.ma/fr/espace-emetteurs/etats-financiers/cosumar-2009-10,328
MAROC TELECOM,2009,Rapports sociaux annuels,https://www.ammc.ma/fr/espace-emetteurs/etats-financiers/maroc-telecom-2009-5,328
MAROC TELECOM,2009,Rapports sociaux annuels,https://www.ammc.ma/fr/espace-emetteurs/etats-financiers/maroc-telecom-2009-5,329
COSUMAR,2009,Rapports sociaux annuels,https://www.ammc.ma/fr/espace-emetteurs/etats-financiers/cosumar-2009-9,330
CIMENTS DU MAROC,2009,Rapports sociaux annuels,https://www.ammc.ma/fr/espace-emetteurs/etats-financiers/ciments-du-maroc-2009-4,330
LABEL VIE S.A.,2009,Rapports sociaux annuels,https://www.ammc.ma/fr/espace-emetteurs/etats-financiers/label-vie-sa-2009-4,331
COSUMAR,2009,Rapports sociaux annuels,https://www.ammc.ma/fr/espace-emetteurs/etats-financiers/cosumar-2009-9,331
CIMENTS DU MAROC,2009,Rapports sociaux annuels,https://www.ammc.ma/fr/espace-emetteurs/etats-financiers/ciments-du-maroc-2009-4,331
Banque Centrale Populaire (BCP),2009,Rapports sociaux annuels,https://www.ammc.ma/fr/espace-emetteurs/etats-financiers/bcp-2009-8,332
MAROC TELECOM,2009,Rapports consolidés 2eme semestre,https://www.ammc.ma/fr/espace-emetteurs/etats-financiers/maroc-telecom-2009-4,333
MANAGEM,2009,Rapports consolidés 2eme semestre,https://www.ammc.ma/fr/espace-emetteurs/etats-financiers/managem-2009-8,334
COSUMAR,2009,Rapports consolidés 2eme semestre,https://www.ammc.ma/fr/espace-emetteurs/etats-financiers/cosumar-2009-8,334
MAROC TELECOM,2009,Rapports consolidés 1er semestre,https://www.ammc.ma/fr/espace-emetteurs/etats-financiers/maroc-telecom-2009-3,335
Banque Centrale Populaire (BCP),2009,Rapports consolidés 2eme semestre,https://www.ammc.ma/fr/espace-emetteurs/etats-financiers/bcp-2009-7,335
MAROC TELECOM,2009,Rapports consolidés 1er semestre,https://www.ammc.ma/fr/espace-emetteurs/etats-financiers/maroc-telecom-2009-3,336
Banque Centrale Populaire (BCP),2009,Rapports consolidés 2eme semestre,https://www.ammc.ma/fr/espace-emetteurs/etats-financiers/bcp-2009-7,336
ATTIJARIWAFA BANK,2009,Rapports consolidés 2eme semestre,https://www.ammc.ma/fr/espace-emetteurs/etats-financiers/attijariwafa-bank-2009-6,336
ATTIJARIWAFA BANK,2009,Rapports consolidés 1er semestre,https://www.ammc.ma/fr/espace-emetteurs/etats-financiers/attijariwafa-bank-2009-5,337
CIMENTS DU MAROC,2009,Rapports consolidés 1er semestre,https://www.ammc.ma/fr/espace-emetteurs/etats-financiers/ciments-du-maroc-2009-3,337
ATTIJARIWAFA BANK,2009,Rapports consolidés 1er semestre,https://www.ammc.ma/fr/espace-emetteurs/etats-financiers/attijariwafa-bank-2009-5,338
CIMENTS DU MAROC,2009,Rapports consolidés 1er semestre,https://www.ammc.ma/fr/espace-emetteurs/etats-financiers/ciments-du-maroc-2009-3,338
LABEL VIE S.A.,2009,Rapports sociaux 2eme semestre,https://www.ammc.ma/fr/espace-emetteurs/etats-financiers/label-vie-sa-2009-3,340
MANAGEM,2009,Rapports sociaux 2eme semestre,https://www.ammc.ma/fr/espace-emetteurs/etats-financiers/managem-2009-6,340
Banque Centrale Populaire (BCP),2009,Rapports sociaux 2eme semestre,https://www.ammc.ma/fr/espace-emetteurs/etats-financiers/bcp-2009-5,341
COSUMAR,2009,Rapports sociaux 2eme semestre,https://www.ammc.ma/fr/espace-emetteurs/etats-financiers/cosumar-2009-6,341
ATTIJARIWAFA BANK,2009,Rapports sociaux 2eme semestre,https://www.ammc.ma/fr/espace-emetteurs/etats-financiers/attijariwafa-bank-2009-4,341
MANAGEM,2009,Rapports sociaux 1er semestre,https://www.ammc.ma/fr/espace-emetteurs/etats-financiers/managem-2009-5,343
LABEL VIE S.A.,2009,Rapports sociaux 1er semestre,https://www.ammc.ma/fr/espace-emetteurs/etats-financiers/label-vie-sa-2009-2,344
LABEL VIE S.A.,2009,Rapports sociaux 1er semestre,https://www.ammc.ma/fr/espace-emetteurs/etats-financiers/label-vie-sa-2009-2,345
COSUMAR,2009,Rapports sociaux 1er semestre,https://www.ammc.ma/fr/espace-emetteurs/etats-financiers/cosumar-2009-5,345
COSUMAR,2009,Rapports sociaux 1er semestre,https://www.ammc.ma/fr/espace-emetteurs/etats-financiers/cosumar-2009-5,346
ATTIJARIWAFA BANK,2009,Rapports sociaux 1er semestre,https://www.ammc.ma/fr/espace-emetteurs/etats-financiers/attijariwafa-bank-2009-3,347
Banque Centrale Populaire (BCP),2009,Rapports sociaux 1er semestre,https://www.ammc.ma/fr/espace-emetteurs/etats-financiers/bcp-2009-4,347
MAROC TELECOM,2008,Rapports consolidés annuels,https://www.ammc.ma/fr/espace-emetteurs/etats-financiers/maroc-telecom-2008-6,348
CIMENTS DU MAROC,2008,Rapports consolidés annuels,https://www.ammc.ma/fr/espace-emetteurs/etats-financiers/ciments-du-maroc-2008-6,348
MAROC TELECOM,2008,Rapports sociaux annuels,https://www.ammc.ma/fr/espace-emetteurs/etats-financiers/maroc-telecom-2008-5,350
COSUMAR,2008,Rapports sociaux annuels,https://www.ammc.ma/fr/espace-emetteurs/etats-financiers/cosumar-2008-8,352
CIMENTS DU MAROC,2008,Rapports sociaux annuels,https://www.ammc.ma/fr/espace-emetteurs/etats-financiers/ciments-du-maroc-2008-5,352
MANAGEM,2008,Rapports sociaux annuels,https://www.ammc.ma/fr/espace-emetteurs/etats-financiers/managem-2008-8,352
LABEL VIE S.A.,2008,Rapports sociaux annuels,https://www.ammc.ma/fr/espace-emetteurs/etats-financiers/label-vie-sa-2008-6,353
Banque Centrale Populaire (BCP),2008,Rapports sociaux annuels,https://www.ammc.ma/fr/espace-emetteurs/etats-financiers/bcp-2008-8,353
ATTIJARIWAFA BANK,2008,Rapports sociaux annuels,https://www.ammc.ma/fr/espace-emetteurs/etats-financiers/attijariwafa-bank-2008-8,353
MAROC TELECOM,2008,Rapports consolidés 2eme semestre,https://www.ammc.ma/fr/espace-emetteurs/etats-financiers/maroc-telecom-2008-4,355
COSUMAR,2008,Rapports consolidés 2eme semestre,https://www.ammc.ma/fr/espace-emetteurs/etats-financiers/cosumar-2008-7,355
COSUMAR,2008,Rapports consolidés 2eme semestre,https://www.ammc.ma/fr/espace-emetteurs/etats-financiers/cosumar-2008-7,356
MANAGEM,2008,Rapports consolidés 1er semestre,https://www.ammc.ma/fr/espace-emetteurs/etats-financiers/managem-2008-6,356
ATTIJARIWAFA BANK,2008,Rapports consolidés 2eme semestre,https://www.ammc.ma/fr/espace-emetteurs/etats-financiers/attijariwafa-bank-2008-7,357
Banque Centrale Populaire (BCP),2008,Rapports consolidés 2eme semestre,https://www.ammc.ma/fr/espace-emetteurs/etats-financiers/bcp-2008-7,357
MANAGEM,2008,Rapports consolidés 1er semestre,https://www.ammc.ma/fr/espace-emetteurs/etats-financiers/managem-2008-6,358
ATTIJARIWAFA BANK,2008,Rapports consolidés 2eme semestre,https://www.ammc.ma/fr/espace-emetteurs/etats-financiers/attijariwafa-bank-2008-7,358
Banque Centrale Populaire (BCP),2008,Rapports consolidés 2eme semestre,https://www.ammc.ma/fr/espace-emetteurs/etats-financiers/bcp-2008-7,358
ATTIJARIWAFA BANK,2008,Rapports consolidés 1er semestre,https://www.ammc.ma/fr/espace-emetteurs/etats-financiers/attijariwafa-bank-2008-6,359
CIMENTS DU MAROC,2008,Rapports consolidés 1er semestre,https://www.ammc.ma/fr/espace-emetteurs/etats-financiers/ciments-du-maroc-2008-4,359
COSUMAR,2008,Rapports consolidés 1er semestre,https://www.ammc.ma/fr/espace-emetteurs/etats-financiers/cosumar-2008-6,360
Banque Centrale Populaire (BCP),2008,Rapports consolidés 1er semestre,https://www.ammc.ma/fr/espace-emetteurs/etats-financiers/bcp-2008-6,360
MANAGEM,2008,Rapports sociaux 2eme semestre,https://www.ammc.ma/fr/espace-emetteurs/etats-financiers/managem-2008-5,362
LABEL VIE S.A.,2008,Rapports sociaux 2eme semestre,https://www.ammc.ma/fr/espace-emetteurs/etats-financiers/label-vie-sa-2008-4,362
ATTIJARIWAFA BANK,2008,Rapports sociaux 2eme semestre,https://www.ammc.ma/fr/espace-emetteurs/etats-financiers/attijariwafa-bank-2008-5,362
Banque Centrale Populaire (BCP),2008,Rapports sociaux 2eme semestre,https://www.ammc.ma/fr/espace-emetteurs/etats-financiers/bcp-2008-5,363
COSUMAR,2008,Rapports sociaux 2eme semestre,https://www.ammc.ma/fr/espace-emetteurs/etats-financiers/cosumar-2008-5,363
ATTIJARIWAFA BANK,2008,Rapports sociaux 2eme semestre,https://www.ammc.ma/fr/espace-emetteurs/etats-financiers/attijariwafa-bank-2008-5,363
LABEL VIE S.A.,2008,Rapports sociaux 1er semestre,https://www.ammc.ma/fr/espace-emetteurs/etats-financiers/label-vie-sa-2008-3,367
CIMENTS DU MAROC,2008,Rapports sociaux 1er semestre,https://www.ammc.ma/fr/espace-emetteurs/etats-financiers/ciments-du-maroc-2008-3,368
ATTIJARIWAFA BANK,2008,Rapports sociaux 1er semestre,https://www.ammc.ma/fr/espace-emetteurs/etats-financiers/attijariwafa-bank-2008-4,369
Banque Centrale Populaire (BCP),2008,Rapports sociaux 1er semestre,https://www.ammc.ma/fr/espace-emetteurs/etats-financiers/bcp-2008-4,369
MAROC TELECOM,2007,Rapports consolidés annuels,https://www.ammc.ma/fr/espace-emetteurs/etats-financiers/maroc-telecom-2007-4,370
CIMENTS DU MAROC,2007,Rapports consolidés annuels,https://www.ammc.ma/fr/espace-emetteurs/etats-financiers/ciments-du-maroc-2007-6,370
Banque Centrale Populaire (BCP),2007,Rapports consolidés annuels,https://www.ammc.ma/fr/espace-emetteurs/etats-financiers/bcp-2007-8,371
Banque Centrale Populaire (BCP),2007,Rapports consolidés annuels,https://www.ammc.ma/fr/espace-emetteurs/etats-financiers/bcp-2007-8,372
MAROC TELECOM,2007,Rapports sociaux annuels,https://www.ammc.ma/fr/espace-emetteurs/etats-financiers/maroc-telecom-2007-3,372
MANAGEM,2007,Rapports consolidés 2eme semestre,https://www.ammc.ma/fr/espace-emetteurs/etats-financiers/managem-2007-7,377
ATTIJARIWAFA BANK,2007,Rapports consolidés 2eme semestre,https://www.ammc.ma/fr/espace-emetteurs/etats-financiers/attijariwafa-bank-2007-6,378
ATTIJARIWAFA BANK,2007,Rapports consolidés 2eme semestre,https://www.ammc.ma/fr/espace-emetteurs/etats-financiers/attijariwafa-bank-2007-6,379
Banque Centrale Populaire (BCP),2007,Rapports consolidés 2eme semestre,https://www.ammc.ma/fr/espace-emetteurs/etats-financiers/bcp-2007-6,379
MANAGEM,2007,Rapports consolidés 1er semestre,https://www.ammc.ma/fr/espace-emetteurs/etats-financiers/managem-2007-6,379
CIMENTS DU MAROC,2007,Rapports consolidés 1er semestre,https://www.ammc.ma/fr/espace-emetteurs/etats-financiers/ciments-du-maroc-2007-4,379
CIMENTS DU MAROC,2007,Rapports consolidés 1er semestre,https://www.ammc.ma/fr/espace-emetteurs/etats-financiers/ciments-du-maroc-2007-4,380
ATTIJARIWAFA BANK,2007,Rapports consolidés 1er semestre,https://www.ammc.ma/fr/espace-emetteurs/etats-financiers/attijariwafa-bank-2007-5,380
COSUMAR,2007,Rapports consolidés 1er semestre,https://www.ammc.ma/fr/espace-emetteurs/etats-financiers/cosumar-2007-6,380
Banque Centrale Populaire (BCP),2007,Rapports sociaux 2eme semestre,https://www.ammc.ma/fr/espace-emetteurs/etats-financiers/bcp-2007-5,383
COSUMAR,2007,Rapports sociaux 2eme semestre,https://www.ammc.ma/fr/espace-emetteurs/etats-financiers/cosumar-2007-5,383
ATTIJARIWAFA BANK,2007,Rapports sociaux 2eme semestre,https://www.ammc.ma/fr/espace-emetteurs/etats-financiers/attijariwafa-bank-2007-4,383
MANAGEM,2007,Rapports sociaux 1er semestre,https://www.ammc.ma/fr/espace-emetteurs/etats-financiers/managem-2007-4,385
MAROC TELECOM,2007,Rapports sociaux 1er semestre,https://www.ammc.ma/fr/espace-emetteurs/etats-financiers/maroc-telecom-2007-2,385
CIMENTS DU MAROC,2007,Rapports sociaux 1er semestre,https://www.ammc.ma/fr/espace-emetteurs/etats-financiers/ciments-du-maroc-2007-3,386
COSUMAR,2007,Rapports sociaux 1er semestre,https://www.ammc.ma/fr/espace-emetteurs/etats-financiers/cosumar-2007-4,387
CIMENTS DU MAROC,2007,Rapports sociaux 1er semestre,https://www.ammc.ma/fr/espace-emetteurs/etats-financiers/ciments-du-maroc-2007-3,387
Banque Centrale Populaire (BCP),2007,Rapports sociaux 1er semestre,https://www.ammc.ma/fr/espace-emetteurs/etats-financiers/bcp-2007-4,388
Banque Centrale Populaire (BCP),2006,Rapports consolidés annuels,https://www.ammc.ma/fr/espace-emetteurs/etats-financiers/bcp-2006-10,388
CIMENTS DU MAROC,2006,Rapports consolidés annuels,https://www.ammc.ma/fr/espace-emetteurs/etats-financiers/ciments-du-maroc-2006-6,389
Banque Centrale Populaire (BCP),2006,Rapports consolidés annuels,https://www.ammc.ma/fr/espace-emetteurs/etats-financiers/bcp-2006-10,389
COSUMAR,2006,Rapports sociaux annuels,https://www.ammc.ma/fr/espace-emetteurs/etats-financiers/cosumar-2006-8,389
CIMENTS DU MAROC,2006,Rapports sociaux annuels,https://www.ammc.ma/fr/espace-emetteurs/etats-financiers/ciments-du-maroc-2006-5,389
Banque Centrale Populaire (BCP),2006,Rapports sociaux annuels,https://www.ammc.ma/fr/espace-emetteurs/etats-financiers/bcp-2006-9,389
Banque Centrale Populaire (BCP),2006,Rapports sociaux annuels,https://www.ammc.ma/fr/espace-emetteurs/etats-financiers/bcp-2006-9,390
COSUMAR,2006,Rapports consolidés 2eme semestre,https://www.ammc.ma/fr/espace-emetteurs/etats-financiers/cosumar-2006-7,391
ATTIJARIWAFA BANK,2006,Rapports consolidés 2eme semestre,https://www.ammc.ma/fr/espace-emetteurs/etats-financiers/attijariwafa-bank-2006-6,391
Banque Centrale Populaire (BCP),2006,Rapports consolidés 2eme semestre,https://www.ammc.ma/fr/espace-emetteurs/etats-financiers/bcp-2006-8,391
ATTIJARIWAFA BANK,2006,Rapports consolidés 1er semestre,https://www.ammc.ma/fr/espace-emetteurs/etats-financiers/attijariwafa-bank-2006-5,392
COSUMAR,2006,Rapports consolidés 1er semestre,https://www.ammc.ma/fr/espace-emetteurs/etats-financiers/cosumar-2006-6,392
CIMENTS DU MAROC,2006,Rapports consolidés 1er semestre,https://www.ammc.ma/fr/espace-emetteurs/etats-financiers/ciments-du-maroc-2006-4,392
COSUMAR,2006,Rapports consolidés 1er semestre,https://www.ammc.ma/fr/espace-emetteurs/etats-financiers/cosumar-2006-6,393
CIMENTS DU MAROC,2006,Rapports consolidés 1er semestre,https://www.ammc.ma/fr/espace-emetteurs/etats-financiers/ciments-du-maroc-2006-4,393
MANAGEM,2006,Rapports sociaux 2eme semestre,https://www.ammc.ma/fr/espace-emetteurs/etats-financiers/managem-2006-2,395
MAROC TELECOM,2006,Rapports sociaux 2eme semestre,https://www.ammc.ma/fr/espace-emetteurs/etats-financiers/maroc-telecom-2006-2,395
COSUMAR,2006,Rapports sociaux 2eme semestre,https://www.ammc.ma/fr/espace-emetteurs/etats-financiers/cosumar-2006-5,396
ATTIJARIWAFA BANK,2006,Rapports sociaux 2eme semestre,https://www.ammc.ma/fr/espace-emetteurs/etats-financiers/attijariwafa-bank-2006-4,396
Banque Centrale Populaire (BCP),2006,Rapports sociaux 2eme semestre,https://www.ammc.ma/fr/espace-emetteurs/etats-financiers/bcp-2006-6,396
ATTIJARIWAFA BANK,2006,Rapports sociaux 2eme semestre,https://www.ammc.ma/fr/espace-emetteurs/etats-financiers/attijariwafa-bank-2006-4,397
MANAGEM,2006,Rapports sociaux 1er semestre,https://www.ammc.ma/fr/espace-emetteurs/etats-financiers/managem-2006-1,399
ATTIJARIWAFA BANK,2006,Rapports sociaux 1er semestre,https://www.ammc.ma/fr/espace-emetteurs/etats-financiers/attijariwafa-bank-2006-3,402
Banque Centrale Populaire (BCP),2006,Rapports sociaux 1er semestre,https://www.ammc.ma/fr/espace-emetteurs/etats-financiers/bcp-2006-5,402
COSUMAR,2005,Rapports consolidés annuels,https://www.ammc.ma/fr/espace-emetteurs/etats-financiers/cosumar-2005-8,402
CIMENTS DU MAROC,2005,Rapports consolidés annuels,https://www.ammc.ma/fr/espace-emetteurs/etats-financiers/ciments-du-maroc-2005-6,402
CIMENTS DU MAROC,2005,Rapports consolidés annuels,https://www.ammc.ma/fr/espace-emetteurs/etats-financiers/ciments-du-maroc-2005-6,403
CIMENTS DU MAROC,2005,Rapports sociaux annuels,https://www.ammc.ma/fr/espace-emetteurs/etats-financiers/ciments-du-maroc-2005-5,403
COSUMAR,2005,Rapports sociaux annuels,https://www.ammc.ma/fr/espace-emetteurs/etats-financiers/cosumar-2005-7,403
Banque Centrale Populaire (BCP),2005,Rapports sociaux annuels,https://www.ammc.ma/fr/espace-emetteurs/etats-financiers/bcp-2005-8,404
ATTIJARIWAFA BANK,2005,Rapports sociaux annuels,https://www.ammc.ma/fr/espace-emetteurs/etats-financiers/attijariwafa-bank-2005-8,404
COSUMAR,2005,Rapports consolidés 2eme semestre,https://www.ammc.ma/fr/espace-emetteurs/etats-financiers/cosumar-2005-6,404
ATTIJARIWAFA BANK,2005,Rapports consolidés 2eme semestre,https://www.ammc.ma/fr/espace-emetteurs/etats-financiers/attijariwafa-bank-2005-7,405
Banque Centrale Populaire (BCP),2005,Rapports consolidés 2eme semestre,https://www.ammc.ma/fr/espace-emetteurs/etats-financiers/bcp-2005-7,405
CIMENTS DU MAROC,2005,Rapports consolidés 1er semestre,https://www.ammc.ma/fr/espace-emetteurs/etats-financiers/ciments-du-maroc-2005-4,405
Banque Centrale Populaire (BCP),2005,Rapports consolidés 1er semestre,https://www.ammc.ma/fr/espace-emetteurs/etats-financiers/bcp-2005-6,405
Banque Centrale Populaire (BCP),2005,Rapports consolidés 1er semestre,https://www.ammc.ma/fr/espace-emetteurs/etats-financiers/bcp-2005-6,406
ATTIJARIWAFA BANK,2005,Rapports consolidés 1er semestre,https://www.ammc.ma/fr/espace-emetteurs/etats-financiers/attijariwafa-bank-2005-6,406
MAROC TELECOM,2005,Rapports sociaux 2eme semestre,https://www.ammc.ma/fr/espace-emetteurs/etats-financiers/maroc-telecom-2005-2,408
MANAGEM,2005,Rapports sociaux 2eme semestre,https://www.ammc.ma/fr/espace-emetteurs/etats-financiers/managem-2005-2,409
Banque Centrale Populaire (BCP),2005,Rapports sociaux 2eme semestre,https://www.ammc.ma/fr/espace-emetteurs/etats-financiers/bcp-2005-5,409
COSUMAR,2005,Rapports sociaux 2eme semestre,https://www.ammc.ma/fr/espace-emetteurs/etats-financiers/cosumar-2005-5,409
ATTIJARIWAFA BANK,2005,Rapports sociaux 2eme semestre,https://www.ammc.ma/fr/espace-emetteurs/etats-financiers/attijariwafa-bank-2005-5,409
Banque Centrale Populaire (BCP),2005,Rapports sociaux 2eme semestre,https://www.ammc.ma/fr/espace-emetteurs/etats-financiers/bcp-2005-5,410
MAROC TELECOM,2005,Rapports sociaux 1er semestre,https://www.ammc.ma/fr/espace-emetteurs/etats-financiers/maroc-telecom-2005-1,411
ATTIJARIWAFA BANK,2005,Rapports sociaux 1er semestre,https://www.ammc.ma/fr/espace-emetteurs/etats-financiers/attijariwafa-bank-2005-4,414
Banque Centrale Populaire (BCP),2005,Rapports sociaux 1er semestre,https://www.ammc.ma/fr/espace-emetteurs/etats-financiers/bcp-2005-4,414
COSUMAR,2004,Rapports sociaux annuels,https://www.ammc.ma/fr/espace-emetteurs/etats-financiers/cosumar-2004-4,415
CIMENTS DU MAROC,2004,Rapports sociaux annuels,https://www.ammc.ma/fr/espace-emetteurs/etats-financiers/ciments-du-maroc-2004-2,415
ATTIJARIWAFA BANK,2004,Rapports sociaux annuels,https://www.ammc.ma/fr/espace-emetteurs/etats-financiers/attijariwafa-bank-2004-4,415
Banque Centrale Populaire (BCP),2004,Rapports sociaux annuels,https://www.ammc.ma/fr/espace-emetteurs/etats-financiers/bcp-2004-2,416
ATTIJARIWAFA BANK,2004,Rapports consolidés 1er semestre,https://www.ammc.ma/fr/espace-emetteurs/etats-financiers/attijariwafa-bank-2004-3,417
MANAGEM,2004,Rapports sociaux 2eme semestre,https://www.ammc.ma/fr/espace-emetteurs/etats-financiers/managem-2004-2,418
MAROC TELECOM,2004,Rapports sociaux 2eme semestre,https://www.ammc.ma/fr/espace-emetteurs/etats-financiers/maroc-telecom-2004-0,418
MANAGEM,2004,Rapports sociaux 2eme semestre,https://www.ammc.ma/fr/espace-emetteurs/etats-financiers/managem-2004-2,419
COSUMAR,2004,Rapports sociaux 2eme semestre,https://www.ammc.ma/fr/espace-emetteurs/etats-financiers/cosumar-2004-3,419
ATTIJARIWAFA BANK,2004,Rapports sociaux 2eme semestre,https://www.ammc.ma/fr/espace-emetteurs/etats-financiers/attijariwafa-bank-2004-2,419
COSUMAR,2004,Rapports sociaux 2eme semestre,https://www.ammc.ma/fr/espace-emetteurs/etats-financiers/cosumar-2004-3,420
ATTIJARIWAFA BANK,2004,Rapports sociaux 2eme semestre,https://www.ammc.ma/fr/espace-emetteurs/etats-financiers/attijariwafa-bank-2004-2,420
MANAGEM,2004,Rapports sociaux 1er semestre,https://www.ammc.ma/fr/espace-emetteurs/etats-financiers/managem-2004-1,421
MANAGEM,2004,Rapports sociaux 1er semestre,https://www.ammc.ma/fr/espace-emetteurs/etats-financiers/managem-2004-1,422
COSUMAR,2004,Rapports sociaux 1er semestre,https://www.ammc.ma/fr/espace-emetteurs/etats-financiers/cosumar-2004-2,423
CIMENTS DU MAROC,2004,Rapports sociaux 1er semestre,https://www.ammc.ma/fr/espace-emetteurs/etats-financiers/ciments-du-maroc-2004-1,423
